Time,Temperature,Crime
1,24.08,1605
2,19.040001,1119
3,28.040001,1127
4,30.02,1154
5,35.959999,1251
6,33.080002,1276
7,33.98,1094
8,26.059999,1144
9,23,1167
10,33.98,1221
11,39.02,1211
12,37.040001,1337
13,35.959999,1299
14,35.959999,1103
15,35.060001,1298
16,30.92,1237
17,26.059999,1268
18,30.92,1261
19,26.959999,1204
20,24.08,1238
21,24.98,1091
22,28.940001,1171
23,35.060001,1235
24,28.040001,1092
25,24.98,1173
26,30.92,1288
27,26.059999,1198
28,28.940001,1066
29,42.080002,1154
30,39.919998,1199
31,35.060001,1171
32,32,1291
33,12.02,1224
34,30.02,1169
35,33.98,1140
36,32,1293
37,35.959999,1185
38,35.060001,1233
39,53.060001,1231
40,53.959999,1273
41,19.940001,1071
42,26.959999,1040
43,37.939999,1222
44,37.939999,1231
45,37.040001,1219
46,32,1286
47,30.92,1203
48,19.040001,1062
49,28.040001,1069
50,42.080002,1201
51,35.959999,1243
52,21.02,1216
53,26.959999,1120
54,30.02,1191
55,55.939999,1224
56,55.040001,1152
57,39.919998,1193
58,28.940001,1232
59,28.040001,1212
60,42.080002,1539
61,42.080002,1376
62,48.919998,1310
63,35.060001,1151
64,28.040001,1214
65,33.98,1231
66,44.060001,1353
67,35.060001,1344
68,37.939999,1408
69,50,1260
70,37.939999,1131
71,48.919998,1251
72,42.080002,1274
73,50,1303
74,44.959999,1245
75,33.98,1238
76,37.939999,1081
77,44.060001,1170
78,46.040001,1336
79,48.02,1418
80,51.98,1365
81,55.939999,1364
82,50,1473
83,35.959999,1328
84,24.98,1094
85,33.080002,1204
86,39.02,1397
87,48.919998,1316
88,46.040001,1330
89,51.080002,1337
90,55.939999,1292
91,48.919998,1299
92,60.080002,1310
93,46.040001,1337
94,51.98,1328
95,60.080002,1256
96,62.060001,1373
97,82.940002,1340
98,77,1298
99,59,1323
100,51.080002,1318
101,77,1290
102,66.019997,1449
103,59,1323
104,64.940002,1331
105,53.959999,1212
106,42.080002,1157
107,46.040001,1176
108,55.040001,1319
109,68,1314
110,77,1457
111,82.040001,1353
112,78.080002,1343
113,71.959999,1296
114,60.98,1284
115,60.080002,1285
116,75.919998,1349
117,62.959999,1482
118,64.940002,1290
119,75.019997,1286
120,84.919998,1421
121,82.940002,1493
122,80.959999,1446
123,86,1426
124,60.080002,1517
125,66.019997,1325
126,75.019997,1204
127,66.919998,1373
128,75.919998,1399
129,80.059998,1458
130,80.959999,1314
131,64.040001,1342
132,57.02,1228
133,68,1197
134,66.019997,1277
135,87.980003,1402
136,89.059998,1364
137,84.919998,1396
138,73.040001,1426
139,73.040001,1319
140,77,1262
141,69.980003,1426
142,60.98,1269
143,62.959999,1207
144,60.080002,1305
145,59,1335
146,57.02,1139
147,60.98,1136
148,66.919998,1313
149,62.060001,1398
150,60.080002,1319
151,62.060001,1272
152,64.940002,1589
153,55.939999,1380
154,55.040001,1169
155,55.040001,1345
156,57.919998,1262
157,62.060001,1333
158,68,1312
159,73.940002,1353
160,80.959999,1377
161,82.940002,1394
162,87.080002,1462
163,86,1361
164,91.040001,1409
165,91.040001,1368
166,77,1400
167,86,1360
168,87.080002,1415
169,91.040001,1475
170,84.019997,1517
171,75.919998,1390
172,69.080002,1312
173,69.080002,1359
174,73.040001,1311
175,80.959999,1271
176,84.919998,1363
177,86,1346
178,87.080002,1348
179,86,1365
180,87.080002,1435
181,87.980003,1380
182,78.080002,1554
183,75.019997,1357
184,78.980003,1299
185,87.980003,1399
186,73.040001,1355
187,80.959999,1446
188,86,1427
189,89.059998,1370
190,91.040001,1410
191,93.019997,1475
192,78.080002,1385
193,80.059998,1407
194,78.980003,1499
195,87.080002,1428
196,87.980003,1376
197,86,1495
198,86,1413
199,84.919998,1397
200,87.980003,1384
201,93.019997,1528
202,93.019997,1490
203,95,1416
204,91.940002,1456
205,89.959999,1407
206,75.019997,1447
207,78.080002,1418
208,78.080002,1448
209,78.080002,1449
210,89.959999,1407
211,89.959999,1446
212,93.919998,1397
213,91.940002,1525
214,84.019997,1297
215,84.019997,1397
216,87.080002,1500
217,89.059998,1449
218,91.940002,1485
219,95,1424
220,93.019997,1407
221,95,1332
222,77,1543
223,77,1374
224,84.019997,1383
225,75.019997,1398
226,75.019997,1396
227,77,1491
228,69.980003,1410
229,78.080002,1320
230,69.980003,1313
231,73.040001,1235
232,78.980003,1444
233,80.959999,1326
234,86,1369
235,73.940002,1305
236,80.059998,1402
237,78.980003,1376
238,84.019997,1397
239,84.019997,1473
240,78.080002,1394
241,82.040001,1440
242,84.919998,1409
243,75.019997,1444
244,66.919998,1523
245,78.080002,1307
246,84.919998,1357
247,75.019997,1385
248,78.080002,1288
249,84.919998,1405
250,87.080002,1550
251,80.959999,1552
252,71.959999,1297
253,77,1365
254,78.080002,1359
255,82.040001,1329
256,68,1261
257,62.959999,1384
258,66.019997,1479
259,71.059998,1330
260,64.940002,1233
261,69.080002,1277
262,66.919998,1272
263,73.040001,1355
264,68,1483
265,73.940002,1416
266,66.019997,1250
267,55.040001,1267
268,57.919998,1300
269,69.080002,1381
270,62.060001,1437
271,55.939999,1443
272,64.940002,1364
273,71.059998,1327
274,78.080002,1653
275,80.059998,1400
276,78.080002,1484
277,62.060001,1317
278,51.080002,1408
279,50,1348
280,51.98,1228
281,64.940002,1368
282,73.040001,1445
283,64.940002,1363
284,64.040001,1385
285,60.98,1454
286,64.940002,1242
287,60.080002,1179
288,51.98,1335
289,51.98,1293
290,51.080002,1365
291,64.040001,1385
292,60.080002,1477
293,68,1500
294,66.919998,1345
295,62.060001,1296
296,64.940002,1371
297,62.959999,1256
298,39.919998,1271
299,41,1392
300,44.959999,1360
301,53.959999,1300
302,60.080002,1333
303,51.98,1381
304,68,1564
305,66.019997,1663
306,66.019997,1446
307,66.019997,1340
308,60.98,1247
309,55.939999,1300
310,62.060001,1313
311,68,1352
312,59,1295
313,51.98,1262
314,59,1324
315,51.080002,1252
316,55.939999,1239
317,62.959999,1326
318,62.060001,1299
319,68,1336
320,60.080002,1408
321,66.019997,1325
322,62.959999,1254
323,55.939999,1261
324,42.98,1283
325,53.060001,1292
326,57.02,1004
327,59,1272
328,64.040001,1384
329,48.919998,1139
330,50,1299
331,51.98,1252
332,42.080002,1317
333,44.959999,1258
334,48.02,1353
335,42.080002,1378
336,51.98,1157
337,55.939999,1265
338,62.060001,1364
339,68,1325
340,51.080002,1294
341,46.040001,1464
342,46.939999,1244
343,39.919998,1081
344,48.02,1269
345,48.02,1259
346,46.939999,1286
347,46.040001,1320
348,37.939999,1352
349,39.919998,1272
350,44.959999,1102
351,46.040001,1243
352,48.02,1238
353,41,1224
354,39.919998,1163
355,39.919998,1232
356,48.919998,1173
357,32,1084
358,21.02,893
359,21.92,681
360,17.959999,879
361,26.959999,1047
362,24.98,1074
363,19.040001,1059
364,19.940001,939
365,24.98,1673
366,30.92,1157
367,28.040001,1105
368,37.939999,1139
369,35.060001,1089
370,35.060001,1025
371,28.040001,1153
372,41,1227
373,55.040001,1306
374,44.060001,1366
375,42.98,1324
376,41,1323
377,42.080002,1180
378,39.919998,1181
379,33.98,1328
380,33.080002,1253
381,24.98,1102
382,19.940001,1225
383,28.940001,1164
384,35.959999,1106
385,35.959999,1067
386,55.040001,1247
387,48.02,1232
388,39.919998,1283
389,50,1376
390,53.060001,1359
391,59,1257
392,46.939999,1259
393,35.959999,1179
394,33.98,1056
395,33.98,972
396,33.98,1313
397,33.080002,1204
398,35.060001,1028
399,24.08,1057
400,30.02,1137
401,37.040001,1193
402,39.919998,1216
403,42.98,1284
404,50,1247
405,46.040001,1087
406,37.939999,1213
407,42.98,1319
408,33.080002,1145
409,46.040001,1198
410,42.080002,1380
411,42.080002,1222
412,39.02,1025
413,50,1201
414,46.040001,1153
415,53.959999,1221
416,33.98,1229
417,37.939999,1261
418,48.02,1249
419,60.98,1197
420,51.98,1189
421,32,1082
422,24.98,1178
423,30.92,1171
424,32,1463
425,33.98,1069
426,21.02,907
427,19.040001,950
428,33.080002,1092
429,42.98,1213
430,37.939999,1210
431,64.040001,1448
432,62.959999,1205
433,28.040001,1058
434,44.060001,1282
435,53.060001,1261
436,59,1400
437,62.959999,1427
438,59,1473
439,41,1232
440,41,1116
441,46.939999,1244
442,48.02,1217
443,46.040001,1271
444,39.02,1147
445,37.040001,1203
446,51.080002,1201
447,41,1204
448,30.92,1100
449,37.939999,1203
450,48.02,1323
451,50,1412
452,44.959999,1229
453,50,1307
454,46.939999,1109
455,41,1459
456,44.060001,1254
457,39.919998,1284
458,37.040001,1330
459,41,1521
460,44.060001,1340
461,48.919998,1087
462,51.98,1182
463,51.080002,1328
464,64.040001,1455
465,75.019997,1420
466,66.919998,1351
467,62.060001,1310
468,77,1272
469,87.980003,1465
470,87.080002,1310
471,84.919998,1320
472,89.059998,1332
473,68,1344
474,48.02,1306
475,42.080002,1095
476,42.98,1184
477,60.080002,1304
478,73.040001,1283
479,53.959999,1304
480,53.060001,1386
481,53.959999,1255
482,59,1126
483,60.98,1464
484,60.080002,1329
485,62.959999,1427
486,53.060001,1247
487,53.060001,1299
488,69.080002,1293
489,69.080002,1251
490,75.019997,1256
491,68,1291
492,64.940002,1383
493,68,1369
494,66.019997,1511
495,57.02,1243
496,50,1150
497,55.939999,1379
498,64.040001,1429
499,75.019997,1507
500,66.019997,1256
501,44.959999,1413
502,53.959999,1342
503,53.959999,1235
504,48.02,1361
505,57.919998,1363
506,68,1305
507,71.959999,1529
508,64.040001,1450
509,57.02,1351
510,73.040001,1284
511,78.080002,1279
512,78.080002,1489
513,82.940002,1437
514,84.919998,1501
515,86,1546
516,91.940002,1695
517,71.059998,1413
518,69.980003,1330
519,69.980003,1304
520,64.940002,1338
521,66.019997,1460
522,77,1418
523,82.040001,1327
524,87.080002,1322
525,87.980003,1369
526,82.940002,1453
527,69.980003,1502
528,64.040001,1341
529,66.919998,1360
530,78.080002,1462
531,77,1374
532,77,1391
533,84.019997,1415
534,84.919998,1339
535,91.040001,1380
536,87.980003,1448
537,91.940002,1333
538,91.940002,1415
539,91.940002,1379
540,87.980003,1453
541,87.980003,1429
542,82.040001,1414
543,86,1370
544,87.080002,1456
545,93.019997,1451
546,93.019997,1557
547,93.019997,1394
548,93.919998,1305
549,89.959999,1445
550,80.959999,1502
551,84.019997,1441
552,89.059998,1420
553,93.019997,1475
554,80.059998,1421
555,78.080002,1535
556,73.940002,1390
557,78.980003,1525
558,82.040001,1456
559,87.980003,1376
560,91.040001,1597
561,89.059998,1507
562,89.059998,1386
563,91.940002,1459
564,80.959999,1540
565,89.959999,1575
566,96.080002,1398
567,89.959999,1434
568,75.919998,1444
569,78.980003,1461
570,80.059998,1396
571,87.980003,1450
572,89.059998,1474
573,87.980003,1424
574,82.940002,1559
575,91.040001,1521
576,93.919998,1433
577,93.919998,1604
578,80.959999,1435
579,89.959999,1445
580,89.059998,1386
581,84.019997,1407
582,73.940002,1442
583,75.919998,1377
584,80.059998,1370
585,82.940002,1452
586,89.059998,1442
587,93.019997,1483
588,89.059998,1438
589,84.919998,1401
590,77,1362
591,84.919998,1394
592,80.959999,1399
593,87.080002,1481
594,78.980003,1361
595,73.940002,1292
596,75.919998,1367
597,87.080002,1329
598,80.959999,1325
599,78.080002,1433
600,82.940002,1436
601,84.019997,1303
602,80.959999,1431
603,82.940002,1408
604,78.980003,1428
605,78.080002,1262
606,82.940002,1426
607,82.940002,1348
608,84.919998,1479
609,82.040001,1338
610,80.059998,1426
611,84.019997,1360
612,82.940002,1391
613,84.919998,1539
614,89.059998,1423
615,91.940002,1336
616,89.959999,1324
617,89.059998,1289
618,75.019997,1367
619,78.080002,1298
620,77,1451
621,82.940002,1431
622,71.959999,1383
623,75.919998,1364
624,78.980003,1459
625,80.059998,1363
626,80.059998,1413
627,71.959999,1570
628,80.059998,1376
629,66.019997,1347
630,69.080002,1272
631,60.98,1305
632,73.940002,1365
633,75.919998,1392
634,66.919998,1430
635,73.940002,1382
636,84.019997,1393
637,84.919998,1371
638,82.040001,1669
639,71.059998,1433
640,62.959999,1415
641,71.959999,1500
642,62.959999,1392
643,69.080002,1370
644,55.040001,1261
645,66.019997,1359
646,64.940002,1435
647,73.040001,1338
648,73.040001,1524
649,71.959999,1381
650,50,1124
651,57.02,1330
652,60.080002,1435
653,50,1305
654,44.959999,1305
655,62.060001,1413
656,51.080002,1344
657,51.98,1299
658,55.939999,1329
659,50,1242
660,46.040001,1338
661,46.040001,1347
662,46.939999,1366
663,46.939999,1365
664,46.040001,1253
665,48.919998,1310
666,46.040001,1383
667,48.02,1333
668,48.919998,1440
669,39.919998,1484
670,48.02,1289
671,46.939999,1122
672,46.040001,1238
673,41,1145
674,42.98,1210
675,57.919998,1262
676,62.959999,1254
677,62.959999,1419
678,62.060001,1234
679,41,1255
680,42.98,1248
681,55.939999,1352
682,55.040001,1155
683,39.919998,1329
684,35.959999,1298
685,39.02,1119
686,44.959999,1255
687,53.959999,1274
688,51.080002,1290
689,42.98,1135
690,37.040001,1324
691,46.939999,1197
692,37.939999,1073
693,30.92,1183
694,28.940001,1124
695,30.02,1199
696,33.080002,833
697,46.040001,1093
698,39.919998,1079
699,35.959999,1211
700,35.060001,1144
701,24.08,1097
702,28.040001,1150
703,24.08,1138
704,32,1260
705,41,1174
706,30.02,1035
707,30.92,1237
708,44.959999,1283
709,44.959999,1260
710,37.939999,1324
711,39.02,1439
712,37.939999,1232
713,44.959999,1214
714,33.080002,1229
715,37.040001,1267
716,55.040001,1166
717,55.040001,1300
718,35.060001,1342
719,33.98,1261
720,30.02,1131
721,33.98,1128
722,30.92,1047
723,28.940001,790
724,28.940001,940
725,33.080002,1061
726,35.959999,1140
727,39.919998,1077
728,60.080002,1261
729,33.080002,1794
730,30.92,1149
731,33.98,1280
732,33.98,1184
733,32,1123
734,33.080002,1249
735,46.939999,1190
736,53.959999,1298
737,44.959999,1291
738,28.940001,1197
739,19.940001,1084
740,32,1045
741,30.02,1164
742,19.040001,1132
743,21.92,1194
744,26.959999,1189
745,24.08,1235
746,23,1080
747,28.040001,966
748,21.02,1102
749,17.959999,1117
750,14,1114
751,12.02,1011
752,15.98,1152
753,33.98,1108
754,19.040001,862
755,19.940001,1086
756,30.92,1105
757,28.040001,1090
758,32,1181
759,35.060001,1170
760,33.98,1341
761,39.02,1132
762,44.959999,1169
763,32,1093
764,26.959999,1122
765,32,1178
766,17.959999,1149
767,30.02,1004
768,26.059999,1002
769,28.040001,1196
770,32,1069
771,21.02,973
772,32,1167
773,35.060001,1240
774,28.940001,1051
775,28.040001,1064
776,32,1063
777,37.040001,1191
778,41,1218
779,50,1225
780,50,1313
781,35.060001,1098
782,28.040001,1077
783,23,1112
784,17.059999,1040
785,30.02,1208
786,32,1186
787,39.919998,1252
788,39.02,1383
789,32,1033
790,30.92,1209
791,33.98,1131
792,24.08,998
793,28.040001,1098
794,35.060001,1334
795,42.080002,1127
796,12.92,947
797,19.940001,1187
798,44.060001,1299
799,42.080002,1315
800,35.060001,1292
801,55.040001,1435
802,57.02,1299
803,66.919998,1230
804,73.040001,1289
805,44.060001,1233
806,48.919998,1264
807,64.940002,1174
808,48.02,1245
809,46.939999,1185
810,62.959999,1262
811,73.940002,1184
812,57.919998,1340
813,59,1307
814,66.919998,1385
815,60.98,1152
816,37.939999,1161
817,42.98,1160
818,55.040001,1269
819,80.959999,1533
820,71.959999,1330
821,46.939999,1264
822,39.02,1226
823,33.080002,1103
824,37.040001,1137
825,33.98,1144
826,32,1250
827,42.98,1349
828,57.919998,1433
829,69.980003,1311
830,48.919998,1356
831,66.919998,1242
832,84.919998,1326
833,86,1425
834,69.080002,1336
835,44.060001,1182
836,46.040001,1315
837,78.980003,1341
838,68,1211
839,51.080002,1259
840,55.939999,1295
841,55.939999,1355
842,60.080002,1322
843,57.02,1413
844,57.919998,1313
845,75.019997,1256
846,77,1412
847,62.959999,1346
848,68,1283
849,53.959999,1286
850,53.060001,1337
851,57.02,1151
852,59,1091
853,69.080002,1389
854,71.959999,1364
855,57.02,1412
856,60.98,1274
857,84.019997,1364
858,73.940002,1319
859,71.059998,1083
860,66.919998,1322
861,73.040001,1323
862,59,1268
863,57.02,1407
864,64.940002,1488
865,68,1332
866,71.059998,1205
867,73.940002,1360
868,68,1361
869,57.02,1305
870,60.98,1327
871,64.040001,1363
872,69.980003,1331
873,66.919998,1262
874,71.059998,1156
875,75.019997,1370
876,71.059998,1255
877,66.919998,1274
878,71.059998,1390
879,57.919998,1256
880,62.959999,1404
881,68,1353
882,60.98,1349
883,68,1319
884,78.080002,1235
885,71.959999,1384
886,77,1350
887,66.919998,1273
888,75.919998,1350
889,78.080002,1485
890,68,1281
891,66.919998,1329
892,69.980003,1340
893,78.080002,1318
894,75.019997,1314
895,78.980003,1314
896,80.959999,1328
897,89.959999,1384
898,68,1308
899,73.040001,1421
900,80.059998,1261
901,84.919998,1234
902,87.980003,1338
903,91.940002,1320
904,91.940002,1345
905,75.019997,1307
906,82.940002,1351
907,82.040001,1377
908,82.940002,1353
909,84.919998,1312
910,86,1486
911,89.059998,1314
912,93.019997,1320
913,93.919998,1271
914,87.980003,1353
915,87.980003,1254
916,87.980003,1391
917,78.080002,1274
918,73.940002,1290
919,82.040001,1316
920,77,1460
921,80.959999,1392
922,82.940002,1403
923,84.019997,1414
924,86,1436
925,84.019997,1391
926,86,1327
927,75.019997,1403
928,82.940002,1534
929,86,1337
930,82.040001,1354
931,73.940002,1322
932,75.019997,1345
933,80.059998,1342
934,82.940002,1408
935,82.940002,1458
936,82.040001,1316
937,73.040001,1459
938,82.040001,1419
939,84.019997,1409
940,86,1375
941,84.919998,1525
942,84.019997,1346
943,78.980003,1270
944,75.919998,1335
945,80.059998,1494
946,82.940002,1446
947,80.059998,1405
948,73.940002,1457
949,77,1269
950,84.919998,1380
951,73.940002,1337
952,75.019997,1360
953,80.959999,1452
954,86,1428
955,87.980003,1475
956,91.940002,1465
957,84.019997,1324
958,84.019997,1377
959,82.940002,1409
960,89.059998,1448
961,95,1665
962,80.059998,1381
963,80.059998,1365
964,86,1352
965,95,1449
966,91.940002,1364
967,80.959999,1392
968,91.940002,1319
969,82.940002,1573
970,73.940002,1380
971,69.980003,1174
972,64.940002,1249
973,73.940002,1377
974,82.940002,1316
975,71.959999,1326
976,75.019997,1351
977,80.959999,1571
978,86,1407
979,84.019997,1298
980,82.040001,1427
981,82.940002,1392
982,84.019997,1437
983,82.940002,1493
984,82.040001,1442
985,75.019997,1326
986,73.940002,1427
987,82.040001,1371
988,82.040001,1300
989,80.959999,1364
990,66.919998,1423
991,71.059998,1316
992,75.919998,1353
993,69.080002,1260
994,69.980003,1596
995,71.059998,1382
996,60.98,1302
997,64.940002,1230
998,60.98,1165
999,57.919998,1255
1000,57.919998,1219
1001,55.939999,1193
1002,53.060001,1454
1003,53.060001,1349
1004,53.060001,1320
1005,57.919998,1417
1006,57.02,1198
1007,60.98,1383
1008,80.059998,1349
1009,80.059998,1506
1010,73.040001,1482
1011,77,1414
1012,78.080002,1370
1013,69.080002,1243
1014,73.040001,1300
1015,57.919998,1247
1016,62.060001,1306
1017,53.060001,1676
1018,57.02,1723
1019,69.980003,1304
1020,64.040001,1218
1021,84.919998,1423
1022,64.040001,1363
1023,55.040001,1345
1024,53.060001,1341
1025,60.080002,1435
1026,57.919998,1341
1027,44.959999,1238
1028,44.060001,1285
1029,55.040001,1314
1030,48.02,1329
1031,69.980003,1317
1032,66.919998,1487
1033,48.919998,1575
1034,55.040001,1119
1035,51.080002,1324
1036,69.980003,1351
1037,46.939999,1325
1038,44.959999,1288
1039,44.060001,1236
1040,33.080002,1188
1041,41,1049
1042,51.080002,1265
1043,55.939999,1342
1044,60.98,1252
1045,39.919998,1166
1046,48.919998,1340
1047,42.080002,1255
1048,46.939999,1067
1049,53.959999,1198
1050,60.98,1184
1051,55.939999,1329
1052,64.940002,1455
1053,50,1396
1054,60.98,1323
1055,64.940002,1121
1056,30.02,1165
1057,39.919998,1148
1058,48.02,1262
1059,44.959999,989
1060,37.040001,1091
1061,37.939999,1148
1062,53.959999,1367
1063,41,1320
1064,35.959999,1185
1065,39.02,1278
1066,39.02,1100
1067,42.98,1349
1068,37.040001,1222
1069,41,1168
1070,44.959999,1169
1071,48.919998,1194
1072,53.060001,1206
1073,28.940001,1068
1074,24.08,1134
1075,30.02,1108
1076,30.92,1058
1077,37.040001,1213
1078,42.98,1131
1079,26.059999,1068
1080,28.040001,1113
1081,30.92,1177
1082,30.02,1187
1083,46.939999,1101
1084,46.939999,1133
1085,37.040001,1113
1086,26.059999,949
1087,35.959999,713
1088,44.060001,1015
1089,48.919998,1153
1090,48.919998,1144
1091,46.939999,1156
1092,42.080002,1145
1093,48.919998,1656
1094,60.98,1293
1095,51.98,1170
1096,33.080002,858
1097,30.02,918
1098,8.96,909
1099,24.08,1012
1100,28.940001,1127
1101,26.959999,1213
1102,26.959999,1151
1103,39.02,1015
1104,39.02,1171
1105,33.98,1137
1106,35.959999,1193
1107,24.98,1234
1108,28.940001,1249
1109,33.98,1203
1110,30.02,993
1111,17.959999,1037
1112,21.02,1172
1113,37.040001,1130
1114,19.040001,1061
1115,24.08,1223
1116,21.92,1126
1117,21.92,1004
1118,24.08,1040
1119,24.08,1037
1120,10.94,1100
1121,3.9200001,947
1122,3.02,922
1123,14,1002
1124,28.940001,1128
1125,32,1139
1126,32,1010
1127,26.059999,1123
1128,28.040001,1127
1129,30.02,1247
1130,30.02,1102
1131,26.059999,968
1132,32,1133
1133,26.959999,1124
1134,33.98,1182
1135,26.959999,1028
1136,30.02,1199
1137,33.080002,1129
1138,21.92,1041
1139,26.959999,967
1140,35.060001,1160
1141,42.98,1214
1142,44.060001,1306
1143,44.959999,1266
1144,39.919998,1100
1145,44.060001,1138
1146,44.959999,1206
1147,37.040001,1230
1148,37.939999,1225
1149,42.080002,1251
1150,44.959999,1253
1151,55.040001,1222
1152,60.98,1240
1153,62.060001,1362
1154,48.02,1307
1155,46.939999,1265
1156,44.060001,1176
1157,60.98,1355
1158,44.959999,1278
1159,44.959999,1138
1160,39.02,1212
1161,37.939999,1239
1162,48.919998,1313
1163,42.98,1246
1164,33.080002,1310
1165,46.939999,1230
1166,42.98,1084
1167,35.959999,1222
1168,33.080002,1132
1169,35.959999,1292
1170,39.919998,1238
1171,51.98,1393
1172,62.060001,1264
1173,33.080002,1106
1174,39.919998,1174
1175,60.080002,1383
1176,62.959999,1349
1177,62.060001,1436
1178,66.919998,1306
1179,60.080002,1372
1180,73.940002,1145
1181,60.98,1346
1182,57.02,1277
1183,48.02,1239
1184,50,1419
1185,55.040001,1338
1186,59,1190
1187,44.959999,1146
1188,51.98,1176
1189,71.959999,1335
1190,62.959999,1307
1191,57.02,1374
1192,57.02,1245
1193,55.040001,1299
1194,42.98,997
1195,42.080002,1088
1196,46.040001,1062
1197,68,1297
1198,75.019997,1297
1199,82.040001,1291
1200,77,1315
1201,86,1175
1202,73.040001,1327
1203,62.959999,1215
1204,64.040001,1294
1205,53.959999,1290
1206,64.040001,1395
1207,50,1256
1208,62.959999,1121
1209,60.080002,1238
1210,51.98,1209
1211,78.980003,1334
1212,78.080002,1302
1213,59,1257
1214,48.02,1272
1215,51.080002,1023
1216,53.959999,1250
1217,68,1255
1218,66.919998,1291
1219,82.940002,1349
1220,55.040001,1345
1221,84.019997,1374
1222,87.980003,1237
1223,84.019997,1363
1224,82.040001,1297
1225,84.919998,1346
1226,78.080002,1227
1227,68,1376
1228,55.040001,1309
1229,69.980003,1204
1230,80.059998,1385
1231,64.940002,1387
1232,71.059998,1351
1233,84.019997,1366
1234,77,1375
1235,77,1245
1236,80.959999,1225
1237,64.040001,1254
1238,69.980003,1385
1239,66.019997,1302
1240,78.080002,1312
1241,60.080002,1341
1242,66.019997,1261
1243,73.940002,1216
1244,66.019997,1176
1245,75.019997,1603
1246,66.019997,1376
1247,69.080002,1319
1248,71.959999,1417
1249,77,1274
1250,82.040001,1388
1251,87.080002,1283
1252,91.040001,1390
1253,84.919998,1432
1254,71.059998,1306
1255,80.059998,1445
1256,80.059998,1327
1257,80.959999,1322
1258,82.940002,1414
1259,80.059998,1416
1260,82.940002,1394
1261,80.959999,1270
1262,80.059998,1422
1263,64.040001,1260
1264,73.040001,1253
1265,66.919998,1304
1266,73.940002,1306
1267,82.040001,1334
1268,69.980003,1288
1269,71.959999,1243
1270,75.019997,1340
1271,80.059998,1324
1272,75.019997,1287
1273,80.959999,1329
1274,82.940002,1363
1275,84.919998,1481
1276,82.040001,1379
1277,82.040001,1284
1278,82.040001,1316
1279,73.940002,1450
1280,82.940002,1423
1281,69.080002,1396
1282,75.919998,1328
1283,75.019997,1294
1284,82.040001,1394
1285,87.080002,1338
1286,87.080002,1374
1287,87.080002,1409
1288,80.959999,1440
1289,84.919998,1439
1290,82.940002,1496
1291,75.019997,1439
1292,78.980003,1375
1293,82.040001,1379
1294,89.059998,1391
1295,84.919998,1371
1296,89.959999,1143
1297,73.040001,1226
1298,71.059998,1249
1299,73.040001,1320
1300,73.940002,1246
1301,80.959999,1380
1302,84.019997,1462
1303,82.940002,1427
1304,71.959999,1337
1305,84.019997,1442
1306,87.980003,1479
1307,87.980003,1409
1308,89.959999,1401
1309,73.940002,1337
1310,71.959999,1374
1311,75.919998,1342
1312,77,1364
1313,80.059998,1386
1314,84.919998,1358
1315,66.919998,1448
1316,62.060001,1334
1317,62.060001,1244
1318,71.059998,1254
1319,69.980003,1328
1320,75.019997,1357
1321,78.080002,1343
1322,82.040001,1347
1323,78.080002,1395
1324,73.040001,1340
1325,75.919998,1421
1326,73.940002,1338
1327,80.059998,1243
1328,78.980003,1427
1329,80.959999,1383
1330,77,1256
1331,82.940002,1427
1332,86,1455
1333,77,1328
1334,69.080002,1308
1335,77,1358
1336,78.980003,1434
1337,82.940002,1550
1338,84.019997,1321
1339,84.019997,1373
1340,82.940002,1459
1341,84.919998,1416
1342,80.059998,1287
1343,73.940002,1246
1344,69.980003,1351
1345,73.040001,1332
1346,80.059998,1399
1347,82.940002,1375
1348,84.919998,1285
1349,84.919998,1344
1350,84.919998,1372
1351,86,1291
1352,73.040001,1472
1353,69.980003,1379
1354,77,1345
1355,78.980003,1304
1356,78.080002,1260
1357,82.040001,1386
1358,82.040001,1341
1359,84.919998,1371
1360,82.040001,1530
1361,73.040001,1339
1362,71.959999,1228
1363,75.919998,1223
1364,66.019997,1300
1365,64.940002,1297
1366,71.959999,1229
1367,73.940002,1560
1368,57.919998,1182
1369,69.980003,1176
1370,57.919998,1158
1371,60.080002,1277
1372,75.019997,1381
1373,75.919998,1333
1374,69.980003,1314
1375,69.980003,1205
1376,62.060001,1235
1377,62.959999,1246
1378,60.98,1316
1379,62.060001,1293
1380,55.939999,1311
1381,53.060001,1353
1382,46.939999,1207
1383,53.959999,1178
1384,53.060001,1251
1385,51.98,1328
1386,53.060001,1461
1387,57.919998,1332
1388,62.959999,1448
1389,75.919998,1267
1390,66.919998,1299
1391,75.019997,1368
1392,60.080002,1325
1393,62.060001,1430
1394,60.98,1357
1395,75.919998,1467
1396,71.959999,1286
1397,55.939999,1428
1398,51.080002,1250
1399,48.919998,1129
1400,53.060001,1245
1401,51.080002,1248
1402,53.959999,1357
1403,64.940002,1256
1404,57.02,1125
1405,46.040001,1227
1406,53.060001,1286
1407,62.060001,1370
1408,51.98,1235
1409,46.939999,1302
1410,46.040001,1204
1411,50,1100
1412,50,1247
1413,55.939999,1213
1414,62.959999,1324
1415,60.98,1260
1416,55.040001,1324
1417,53.959999,1417
1418,46.040001,1180
1419,48.02,1196
1420,51.080002,1285
1421,42.98,1094
1422,33.080002,700
1423,44.959999,1124
1424,46.939999,1100
1425,44.060001,1036
1426,37.939999,1198
1427,39.919998,1092
1428,32,1209
1429,37.040001,1166
1430,35.959999,1271
1431,42.080002,1115
1432,46.939999,1071
1433,50,1172
1434,50,1224
1435,41,1190
1436,50,1215
1437,44.959999,1276
1438,37.040001,1126
1439,44.060001,1068
1440,30.02,1054
1441,28.040001,1040
1442,37.939999,1252
1443,42.98,1147
1444,33.080002,1257
1445,37.939999,968
1446,17.959999,897
1447,28.940001,1032
1448,35.060001,1047
1449,14,1062
1450,17.959999,1055
1451,12.02,820
1452,19.040001,667
1453,24.08,859
1454,26.059999,1010
1455,41,1128
1456,39.919998,1108
1457,57.02,1158
1458,41,1743
1459,53.959999,1061
1460,35.959999,1069
1461,35.060001,1098
1462,30.92,917
1463,26.959999,934
1464,28.040001,1138
1465,26.959999,1012
1466,33.98,1012
1467,35.060001,1164
1468,35.959999,1142
1469,62.060001,1219
1470,46.040001,1188
1471,15.08,1099
1472,15.08,1072
1473,14,956
1474,10.94,1042
1475,23,1030
1476,35.060001,1047
1477,28.040001,1035
1478,24.08,1054
1479,23,735
1480,23,784
1481,30.92,1036
1482,42.98,1225
1483,35.060001,1116
1484,21.02,1044
1485,26.959999,1072
1486,35.060001,1084
1487,35.060001,1002
1488,37.040001,1060
1489,33.98,1184
1490,35.959999,1108
1491,44.060001,1061
1492,50,1236
1493,55.040001,1114
1494,46.939999,998
1495,44.959999,1057
1496,33.080002,1159
1497,30.92,1121
1498,32,1145
1499,42.080002,1214
1500,51.080002,1117
1501,41,965
1502,48.919998,1109
1503,42.080002,1148
1504,33.080002,1190
1505,26.959999,1082
1506,26.059999,1291
1507,41,1122
1508,37.040001,1009
1509,35.959999,1080
1510,35.959999,1133
1511,35.959999,1154
1512,35.959999,1190
1513,41,1300
1514,33.080002,1109
1515,39.919998,958
1516,35.060001,1139
1517,26.959999,1231
1518,26.959999,1161
1519,33.98,1251
1520,44.060001,1218
1521,41,1186
1522,64.040001,1149
1523,57.02,1114
1524,30.02,1120
1525,30.02,1060
1526,37.040001,1117
1527,35.060001,1259
1528,33.98,1101
1529,33.080002,1031
1530,35.959999,1183
1531,41,1294
1532,50,1241
1533,35.060001,1202
1534,44.060001,1323
1535,51.080002,1137
1536,41,1070
1537,37.939999,1092
1538,42.080002,1083
1539,39.919998,1150
1540,50,1147
1541,39.02,1162
1542,44.060001,1200
1543,48.919998,1021
1544,60.080002,1184
1545,71.059998,1304
1546,77,1264
1547,59,1248
1548,55.939999,1484
1549,55.939999,1114
1550,64.040001,1073
1551,68,1215
1552,75.919998,1377
1553,80.059998,1404
1554,53.959999,1322
1555,60.98,1402
1556,68,1290
1557,78.980003,1272
1558,75.919998,1223
1559,53.959999,1140
1560,53.959999,1252
1561,62.959999,1364
1562,62.959999,1363
1563,73.940002,1331
1564,75.919998,1303
1565,82.940002,1268
1566,80.959999,1344
1567,69.980003,1310
1568,57.02,1317
1569,46.040001,1194
1570,42.080002,1061
1571,53.959999,1149
1572,66.919998,1366
1573,57.02,1271
1574,55.040001,1298
1575,57.02,1222
1576,53.060001,1338
1577,57.919998,1173
1578,48.919998,1217
1579,44.060001,1200
1580,51.98,1291
1581,62.060001,1267
1582,69.980003,1370
1583,75.919998,1380
1584,60.080002,1257
1585,84.919998,1228
1586,77,1344
1587,82.040001,1387
1588,64.040001,1373
1589,55.040001,1261
1590,73.040001,1373
1591,64.040001,1204
1592,53.959999,1142
1593,60.080002,1297
1594,71.059998,1316
1595,75.019997,1331
1596,71.959999,1314
1597,68,1384
1598,73.040001,1222
1599,80.059998,1263
1600,69.980003,1244
1601,66.919998,1265
1602,69.080002,1302
1603,75.019997,1357
1604,69.980003,1355
1605,68,1212
1606,69.980003,1208
1607,73.940002,1168
1608,71.959999,1277
1609,80.059998,1458
1610,75.919998,1227
1611,73.040001,1321
1612,86,1294
1613,87.080002,1263
1614,89.059998,1256
1615,91.940002,1352
1616,89.059998,1316
1617,89.059998,1248
1618,87.980003,1428
1619,87.980003,1320
1620,80.059998,1297
1621,89.059998,1445
1622,80.059998,1418
1623,69.980003,1328
1624,78.980003,1245
1625,69.980003,1383
1626,71.059998,1232
1627,78.080002,1195
1628,86,1207
1629,89.059998,1331
1630,84.919998,1275
1631,93.019997,1251
1632,96.080002,1270
1633,91.040001,1292
1634,93.019997,1333
1635,95,1325
1636,93.919998,1345
1637,89.959999,1422
1638,91.040001,1309
1639,75.919998,1400
1640,75.019997,1261
1641,86,1186
1642,87.080002,1234
1643,87.080002,1368
1644,80.059998,1269
1645,80.959999,1317
1646,84.919998,1331
1647,87.980003,1394
1648,91.040001,1337
1649,89.059998,1297
1650,84.919998,1327
1651,86,1436
1652,87.080002,1322
1653,87.080002,1560
1654,93.019997,1443
1655,96.980003,1365
1656,91.040001,1328
1657,91.940002,1290
1658,91.940002,1313
1659,87.980003,1310
1660,86,1351
1661,82.940002,1342
1662,102.02,1263
1663,89.059998,1351
1664,84.019997,1178
1665,73.940002,1246
1666,78.980003,1296
1667,82.940002,1379
1668,86,1334
1669,89.059998,1300
1670,93.019997,1479
1671,91.940002,1333
1672,93.019997,1310
1673,87.980003,1366
1674,84.019997,1363
1675,84.019997,1314
1676,89.059998,1269
1677,93.019997,1317
1678,95,1352
1679,89.959999,1380
1680,77,1331
1681,84.919998,1358
1682,75.019997,1288
1683,75.919998,1228
1684,82.040001,1269
1685,84.019997,1238
1686,84.019997,1262
1687,84.019997,1248
1688,87.980003,1332
1689,86,1310
1690,82.040001,1239
1691,73.040001,1244
1692,73.040001,1212
1693,75.919998,1329
1694,80.959999,1458
1695,82.940002,1394
1696,84.019997,1299
1697,86,1325
1698,84.919998,1291
1699,80.059998,1311
1700,80.059998,1316
1701,84.919998,1468
1702,82.940002,1376
1703,80.059998,1238
1704,84.019997,1234
1705,87.080002,1238
1706,87.080002,1200
1707,87.980003,1254
1708,80.059998,1313
1709,87.080002,1373
1710,91.940002,1443
1711,89.959999,1388
1712,89.959999,1314
1713,93.919998,1347
1714,75.919998,1287
1715,69.980003,1263
1716,69.980003,1297
1717,77,1234
1718,80.959999,1281
1719,84.019997,1261
1720,82.940002,1383
1721,87.080002,1287
1722,87.080002,1267
1723,66.919998,1316
1724,71.059998,1275
1725,75.019997,1244
1726,69.080002,1283
1727,73.940002,1362
1728,73.040001,1243
1729,62.060001,1197
1730,71.059998,1302
1731,78.980003,1392
1732,84.019997,1203
1733,84.919998,1356
1734,87.080002,1331
1735,84.019997,1382
1736,69.080002,1302
1737,53.959999,1235
1738,53.060001,1257
1739,59,1157
1740,62.959999,1209
1741,60.080002,1215
1742,62.959999,1270
1743,71.959999,1275
1744,75.919998,1343
1745,66.919998,1273
1746,62.959999,1126
1747,75.019997,1298
1748,73.040001,1313
1749,64.040001,1300
1750,55.939999,1383
1751,57.919998,1387
1752,53.959999,1162
1753,48.02,1111
1754,51.080002,1146
1755,51.080002,1213
1756,51.98,1136
1757,53.959999,1157
1758,57.02,1284
1759,60.98,1270
1760,64.940002,1324
1761,57.02,1479
1762,55.939999,1449
1763,66.019997,1200
1764,69.980003,1298
1765,69.980003,1321
1766,62.060001,1339
1767,60.98,1155
1768,62.060001,1324
1769,62.060001,1268
1770,66.019997,1185
1771,48.02,1221
1772,60.080002,1276
1773,64.940002,1217
1774,60.98,1101
1775,48.919998,1153
1776,55.040001,1209
1777,37.040001,1099
1778,28.040001,1035
1779,37.939999,1252
1780,53.060001,1198
1781,44.959999,1142
1782,48.919998,1157
1783,39.02,1158
1784,44.060001,1304
1785,41,759
1786,26.959999,948
1787,46.040001,1095
1788,55.040001,1104
1789,60.98,1108
1790,39.02,1132
1791,26.959999,1089
1792,28.940001,1263
1793,24.08,1207
1794,30.02,1105
1795,28.040001,908
1796,17.059999,942
1797,17.059999,978
1798,15.08,1031
1799,28.040001,914
1800,28.040001,1010
1801,32,942
1802,33.080002,897
1803,28.040001,1076
1804,28.040001,1035
1805,35.060001,1120
1806,35.060001,1182
1807,24.08,1163
1808,19.940001,1027
1809,15.08,836
1810,10.94,948
1811,21.02,989
1812,19.940001,1112
1813,37.939999,1144
1814,44.060001,1176
1815,39.02,924
1816,35.959999,765
1817,37.040001,1024
1818,46.939999,1105
1819,39.02,1060
1820,37.040001,1163
1821,37.939999,1104
1822,44.959999,1681
1823,42.080002,1008
1824,42.080002,1141
1825,42.98,1141
1826,37.040001,1102
1827,30.92,1188
1828,39.02,1170
1829,44.959999,1128
1830,37.939999,1068
1831,37.939999,1136
1832,42.080002,1267
1833,57.02,1216
1834,48.919998,1191
1835,37.040001,1131
1836,44.959999,1147
1837,46.939999,1124
1838,42.98,1205
1839,35.060001,1114
1840,55.040001,1354
1841,46.040001,1155
1842,33.98,1021
1843,35.959999,961
1844,30.02,1063
1845,39.919998,1114
1846,35.060001,1161
1847,42.98,1183
1848,51.080002,1238
1849,48.919998,1178
1850,50,1098
1851,39.02,1136
1852,37.939999,1151
1853,48.02,1268
1854,42.98,1189
1855,44.060001,1213
1856,32,1121
1857,33.98,990
1858,35.959999,1035
1859,33.080002,1118
1860,30.02,1189
1861,32,1071
1862,37.040001,1184
1863,35.060001,1184
1864,30.02,975
1865,39.02,983
1866,55.939999,1135
1867,42.080002,1120
1868,37.040001,992
1869,24.08,1083
1870,8.0600004,876
1871,19.940001,877
1872,33.080002,1013
1873,37.040001,1106
1874,46.040001,1203
1875,42.98,1205
1876,46.939999,1237
1877,41,1176
1878,33.98,924
1879,37.939999,1098
1880,37.939999,1151
1881,41,1343
1882,37.040001,1174
1883,35.959999,1234
1884,41,1120
1885,33.98,918
1886,35.959999,1001
1887,44.060001,1155
1888,53.060001,1109
1889,57.919998,1209
1890,53.959999,1299
1891,66.919998,1250
1892,55.939999,1101
1893,62.959999,1024
1894,42.080002,1083
1895,42.98,1296
1896,37.939999,1209
1897,39.02,1324
1898,41,1098
1899,46.939999,1036
1900,37.040001,1046
1901,33.080002,1105
1902,48.919998,1220
1903,42.080002,1214
1904,39.919998,1298
1905,44.959999,1051
1906,48.02,1169
1907,50,1181
1908,44.959999,1211
1909,51.080002,1296
1910,69.980003,1274
1911,68,1286
1912,48.02,1296
1913,60.080002,1042
1914,53.959999,1157
1915,55.939999,1338
1916,57.919998,1187
1917,57.919998,1217
1918,55.040001,1202
1919,42.98,1127
1920,55.939999,1087
1921,71.059998,1120
1922,75.019997,1242
1923,75.919998,1189
1924,80.059998,1245
1925,80.959999,1266
1926,66.919998,1280
1927,62.060001,896
1928,55.939999,1130
1929,66.019997,1263
1930,73.940002,1274
1931,75.019997,1257
1932,71.059998,1298
1933,68,1240
1934,71.959999,1121
1935,73.040001,1193
1936,46.040001,1156
1937,64.040001,1179
1938,71.059998,1240
1939,68,1295
1940,60.98,1172
1941,59,1002
1942,59,1394
1943,71.959999,1198
1944,73.040001,1362
1945,68,1226
1946,57.919998,1401
1947,57.919998,1172
1948,71.059998,1067
1949,73.040001,1264
1950,71.059998,1270
1951,73.940002,1312
1952,59,1119
1953,46.939999,1303
1954,50,1179
1955,55.939999,1140
1956,62.060001,1252
1957,64.940002,1329
1958,73.040001,1226
1959,62.959999,1258
1960,64.040001,1273
1961,73.940002,1223
1962,60.98,1121
1963,62.060001,1194
1964,75.019997,1246
1965,80.059998,1242
1966,75.019997,1312
1967,82.940002,1379
1968,87.080002,1341
1969,91.940002,1234
1970,91.040001,1206
1971,89.059998,1400
1972,75.919998,1351
1973,78.980003,1417
1974,80.059998,1292
1975,73.940002,1329
1976,77,1174
1977,80.959999,1233
1978,82.040001,1228
1979,82.940002,1312
1980,84.919998,1274
1981,68,1314
1982,62.959999,1237
1983,64.040001,1182
1984,69.080002,1232
1985,75.919998,1241
1986,78.980003,1334
1987,86,1251
1988,89.959999,1364
1989,91.940002,1303
1990,77,1252
1991,87.080002,1245
1992,78.980003,1319
1993,87.080002,1283
1994,82.940002,1322
1995,73.040001,1320
1996,82.040001,1148
1997,73.040001,1221
1998,71.059998,1239
1999,80.959999,1195
2000,77,1328
2001,80.059998,1197
2002,84.919998,1261
2003,89.959999,1464
2004,84.019997,1264
2005,82.940002,1277
2006,78.080002,1259
2007,77,1344
2008,78.080002,1200
2009,82.040001,1360
2010,84.019997,1296
2011,87.980003,1285
2012,73.040001,1328
2013,77,1161
2014,80.959999,1287
2015,87.080002,1368
2016,89.059998,1292
2017,96.980003,1330
2018,93.919998,1232
2019,95,1333
2020,82.940002,1430
2021,87.980003,1325
2022,80.059998,1245
2023,77,1355
2024,82.940002,1338
2025,82.040001,1263
2026,87.980003,1377
2027,89.959999,1380
2028,86,1442
2029,87.980003,1355
2030,93.019997,1285
2031,93.919998,1314
2032,89.959999,1263
2033,98.959999,1200
2034,98.959999,1402
2035,96.980003,1248
2036,82.940002,1318
2037,89.059998,1355
2038,86,1352
2039,84.019997,1295
2040,86,1269
2041,78.080002,1334
2042,86,1247
2043,78.980003,1269
2044,77,1393
2045,80.059998,1306
2046,84.019997,1237
2047,84.919998,1233
2048,86,1256
2049,84.919998,1217
2050,86,1239
2051,84.019997,1247
2052,80.959999,1274
2053,78.080002,1278
2054,84.019997,1278
2055,87.080002,1206
2056,89.059998,1279
2057,84.019997,1253
2058,84.019997,1320
2059,78.980003,1310
2060,78.980003,1216
2061,73.040001,1205
2062,71.059998,1208
2063,75.919998,1338
2064,75.019997,1228
2065,75.019997,1383
2066,77,1347
2067,78.080002,1181
2068,71.059998,1082
2069,78.080002,1256
2070,82.040001,1206
2071,82.040001,1251
2072,82.940002,1391
2073,69.980003,1322
2074,64.040001,1129
2075,66.919998,1072
2076,71.959999,1219
2077,64.940002,1168
2078,73.040001,1202
2079,78.080002,1392
2080,78.980003,1304
2081,82.040001,1239
2082,71.059998,1116
2083,55.040001,1144
2084,62.060001,1228
2085,68,1305
2086,71.059998,1287
2087,69.080002,1196
2088,66.019997,1152
2089,71.959999,1160
2090,71.059998,1338
2091,66.919998,1206
2092,59,1181
2093,59,1284
2094,68,1200
2095,73.940002,1261
2096,77,1114
2097,82.040001,1182
2098,75.919998,1328
2099,60.080002,1256
2100,57.919998,1341
2101,66.919998,1308
2102,71.959999,1313
2103,66.019997,1102
2104,57.919998,1238
2105,53.959999,1135
2106,39.02,1053
2107,50,1294
2108,50,1244
2109,51.98,1215
2110,55.939999,1137
2111,57.919998,1189
2112,62.959999,1198
2113,44.060001,1285
2114,53.060001,1380
2115,57.919998,1245
2116,48.919998,1086
2117,41,1096
2118,46.939999,1205
2119,51.080002,1184
2120,46.040001,1099
2121,44.959999,1322
2122,51.98,1199
2123,53.959999,1180
2124,69.980003,1243
2125,62.060001,1453
2126,42.080002,1387
2127,33.98,1136
2128,39.919998,1226
2129,46.939999,1144
2130,55.040001,1069
2131,55.939999,1254
2132,53.959999,1201
2133,64.040001,1210
2134,68,1241
2135,48.02,1201
2136,41,1144
2137,46.040001,1053
2138,42.080002,1074
2139,44.060001,1141
2140,46.939999,1167
2141,42.98,1210
2142,39.919998,1334
2143,44.060001,1175
2144,44.060001,952
2145,44.060001,1123
2146,48.919998,1216
2147,53.959999,1160
2148,57.919998,883
2149,60.080002,1043
2150,57.919998,1237
2151,62.060001,1199
2152,62.060001,1164
2153,60.98,1262
2154,60.080002,1076
2155,39.02,1062
2156,33.080002,1115
2157,30.02,943
2158,15.08,782
2159,26.059999,959
2160,33.98,984
2161,35.060001,1046
2162,17.059999,967
2163,21.02,1040
2164,35.060001,1006
2165,41,1065
2166,44.959999,1080
2167,50,1296
2168,44.959999,1248
2169,50,1302
2170,44.060001,1369
2171,55.040001,1194
2172,53.959999,1030
2173,41,1178
2174,42.98,1132
2175,39.919998,1217
2176,50,1172
2177,53.959999,1229
2178,39.919998,1091
2179,44.060001,864
2180,37.040001,689
2181,33.98,969
2182,37.939999,1125
2183,48.02,1100
2184,50,1069
2185,50,1161
2186,42.98,1677
2187,42.98,991
2188,48.02,1099
2189,51.98,1013
2190,50,1289
2191,42.080002,1061
2192,41,991
2193,39.02,1033
2194,33.080002,1096
2195,35.060001,1158
2196,44.959999,1152
2197,48.02,1248
2198,33.080002,1108
2199,33.080002,970
2200,33.080002,927
2201,23,1053
2202,21.92,1003
2203,30.02,1105
2204,26.959999,1149
2205,26.959999,1109
2206,28.940001,875
2207,30.92,1039
2208,26.059999,992
2209,28.040001,1038
2210,24.08,1092
2211,42.98,1145
2212,33.98,1071
2213,24.08,845
2214,24.98,944
2215,17.959999,1003
2216,19.940001,926
2217,24.08,1114
2218,12.02,1031
2219,10.94,861
2220,1.9400001,736
2221,5,825
2222,10.04,827
2223,10.94,952
2224,10.94,930
2225,17.059999,1007
2226,12.92,925
2227,26.959999,841
2228,30.92,874
2229,26.959999,751
2230,21.02,813
2231,14,917
2232,19.040001,988
2233,26.059999,896
2234,21.92,807
2235,42.080002,942
2236,44.959999,1136
2237,48.02,1147
2238,39.919998,1076
2239,33.080002,1283
2240,32,978
2241,37.939999,845
2242,33.98,936
2243,33.080002,1079
2244,35.060001,1091
2245,44.959999,1163
2246,32,1171
2247,26.959999,1119
2248,30.92,978
2249,33.080002,932
2250,24.08,941
2251,28.040001,1066
2252,39.919998,1108
2253,55.939999,1210
2254,51.080002,1201
2255,53.959999,1067
2256,62.959999,1244
2257,73.040001,1268
2258,60.98,1142
2259,37.939999,1148
2260,39.02,1225
2261,39.02,1082
2262,46.939999,1066
2263,60.98,1104
2264,42.98,1160
2265,66.919998,1125
2266,64.040001,1203
2267,51.98,1239
2268,64.040001,1182
2269,78.980003,1188
2270,78.980003,1185
2271,73.040001,1183
2272,50,1142
2273,60.080002,1219
2274,55.040001,1213
2275,62.959999,1177
2276,60.98,1192
2277,60.98,1145
2278,69.980003,1143
2279,35.060001,1018
2280,39.919998,1033
2281,35.959999,1081
2282,32,1010
2283,39.919998,964
2284,42.98,1107
2285,51.98,1156
2286,42.98,1036
2287,37.939999,1130
2288,51.080002,1304
2289,48.919998,1230
2290,57.919998,1198
2291,62.060001,1173
2292,69.980003,1269
2293,50,1138
2294,57.919998,1158
2295,68,1358
2296,77,1267
2297,82.940002,1245
2298,69.980003,1260
2299,68,1149
2300,48.919998,1055
2301,55.939999,1008
2302,53.060001,1266
2303,73.040001,1303
2304,82.040001,1150
2305,66.919998,1208
2306,82.940002,1332
2307,59,1259
2308,66.019997,1252
2309,66.019997,1332
2310,66.019997,1218
2311,68,1124
2312,82.940002,1274
2313,82.040001,1272
2314,77,1337
2315,84.019997,1306
2316,69.980003,1300
2317,64.040001,1192
2318,69.080002,1097
2319,89.959999,1304
2320,80.059998,1305
2321,66.019997,1234
2322,62.060001,1286
2323,71.059998,1342
2324,80.059998,1252
2325,69.080002,1147
2326,80.059998,1230
2327,87.080002,1278
2328,89.059998,1339
2329,87.980003,1367
2330,69.980003,1398
2331,64.940002,1109
2332,75.019997,1205
2333,78.980003,1270
2334,87.980003,1368
2335,87.080002,1331
2336,78.080002,1205
2337,84.919998,1485
2338,80.959999,1301
2339,78.080002,1212
2340,71.059998,1154
2341,64.040001,1158
2342,71.059998,1212
2343,91.040001,1215
2344,80.959999,1287
2345,78.980003,1251
2346,80.959999,1208
2347,86,1265
2348,82.940002,1264
2349,87.080002,1233
2350,89.059998,1283
2351,91.040001,1427
2352,93.019997,1308
2353,91.040001,1264
2354,89.059998,1291
2355,80.059998,1250
2356,84.019997,1330
2357,77,1323
2358,75.919998,1354
2359,66.919998,1182
2360,77,1269
2361,89.059998,1237
2362,91.940002,1176
2363,91.040001,1283
2364,73.940002,1252
2365,69.980003,1313
2366,78.980003,1216
2367,75.019997,1424
2368,78.980003,1265
2369,82.940002,1204
2370,86,1268
2371,89.059998,1330
2372,86,1331
2373,89.959999,1293
2374,93.919998,1252
2375,93.919998,1250
2376,89.059998,1270
2377,77,1250
2378,80.059998,1357
2379,78.080002,1334
2380,84.019997,1234
2381,82.040001,1297
2382,82.040001,1188
2383,82.940002,1297
2384,84.919998,1311
2385,82.940002,1236
2386,75.019997,1359
2387,73.940002,1334
2388,80.959999,1343
2389,82.940002,1214
2390,82.040001,1316
2391,84.919998,1319
2392,82.940002,1288
2393,82.940002,1362
2394,80.059998,1345
2395,84.919998,1277
2396,89.059998,1285
2397,91.040001,1229
2398,91.940002,1464
2399,91.040001,1229
2400,89.959999,1284
2401,80.959999,1236
2402,87.980003,1218
2403,87.980003,1223
2404,91.040001,1248
2405,87.080002,1269
2406,84.019997,1255
2407,86,1345
2408,89.059998,1294
2409,87.980003,1247
2410,80.959999,1327
2411,84.019997,1337
2412,80.059998,1289
2413,77,1178
2414,78.980003,1318
2415,68,1155
2416,68,1068
2417,78.080002,1149
2418,87.080002,1248
2419,89.959999,1236
2420,87.080002,1091
2421,80.059998,1278
2422,78.980003,1275
2423,78.980003,1235
2424,78.980003,1210
2425,91.040001,1282
2426,84.919998,1269
2427,75.019997,1290
2428,77,1300
2429,80.959999,1399
2430,84.919998,1192
2431,87.980003,1218
2432,89.059998,1208
2433,89.959999,1241
2434,82.040001,1256
2435,84.019997,1376
2436,78.080002,1333
2437,80.059998,1220
2438,73.940002,1114
2439,71.059998,1159
2440,66.919998,1092
2441,78.080002,1210
2442,66.019997,1327
2443,60.98,1145
2444,71.059998,1169
2445,80.059998,1185
2446,87.980003,1262
2447,84.019997,1272
2448,78.080002,1227
2449,87.980003,1439
2450,73.940002,1319
2451,84.019997,1174
2452,89.959999,1281
2453,84.919998,1282
2454,69.080002,1164
2455,75.019997,1235
2456,73.040001,1353
2457,80.059998,1270
2458,82.940002,1206
2459,69.080002,1411
2460,78.080002,1265
2461,73.940002,1178
2462,82.040001,1228
2463,84.019997,1269
2464,87.080002,1289
2465,87.080002,1218
2466,87.080002,1248
2467,75.919998,1293
2468,53.959999,1262
2469,53.959999,1089
2470,55.939999,1329
2471,59,1209
2472,60.98,1101
2473,73.940002,1265
2474,66.919998,1311
2475,71.959999,1254
2476,78.080002,1271
2477,60.080002,1294
2478,73.040001,1288
2479,80.059998,1252
2480,66.919998,1145
2481,57.919998,1187
2482,55.040001,1194
2483,55.040001,1223
2484,64.940002,1274
2485,55.040001,1207
2486,55.939999,1177
2487,60.98,1165
2488,66.019997,1342
2489,62.060001,1506
2490,53.959999,1444
2491,57.02,1201
2492,55.040001,1273
2493,53.060001,1092
2494,53.959999,1137
2495,44.959999,1054
2496,42.98,1117
2497,51.080002,1150
2498,48.02,1229
2499,50,1200
2500,57.02,1164
2501,66.019997,1190
2502,60.080002,1139
2503,55.939999,1216
2504,39.919998,1097
2505,41,1268
2506,46.040001,1128
2507,42.98,1075
2508,59,1103
2509,55.040001,1170
2510,44.959999,1021
2511,33.080002,794
2512,32,980
2513,37.939999,1044
2514,37.939999,947
2515,39.02,1045
2516,35.060001,1122
2517,48.02,1153
2518,33.98,1064
2519,35.959999,1110
2520,33.98,1077
2521,44.959999,915
2522,28.940001,1038
2523,33.080002,1011
2524,30.02,902
2525,24.08,1025
2526,30.02,959
2527,24.08,936
2528,28.940001,863
2529,32,1068
2530,33.080002,1074
2531,35.959999,1107
2532,33.98,1095
2533,28.040001,1212
2534,30.92,991
2535,28.940001,764
2536,23,941
2537,37.040001,1023
2538,33.98,999
2539,37.939999,1152
2540,37.939999,1255
2541,50,1106
2542,51.98,975
2543,26.059999,789
2544,42.080002,767
2545,44.959999,1025
2546,37.939999,994
2547,33.98,1041
2548,30.02,977
2549,35.060001,994
2550,26.959999,1559
2551,19.940001,904
2552,23,894
2553,35.959999,1081
2554,42.98,1162
2555,60.080002,1134
2556,64.940002,1116
2557,55.939999,1117
2558,39.02,1183
2559,44.060001,1192
2560,35.959999,1286
2561,41,1176
2562,37.040001,1068
2563,26.959999,1078
2564,26.059999,1171
2565,39.919998,1143
2566,33.080002,1029
2567,26.959999,1090
2568,6.0799999,960
2569,10.04,901
2570,26.959999,921
2571,28.940001,937
2572,14,935
2573,10.04,960
2574,19.940001,935
2575,32,989
2576,35.060001,907
2577,44.060001,1055
2578,48.02,947
2579,12.02,842
2580,26.059999,840
2581,30.02,1122
2582,30.02,924
2583,32,829
2584,44.060001,939
2585,39.919998,927
2586,33.98,905
2587,26.959999,995
2588,37.939999,1151
2589,35.959999,969
2590,15.98,795
2591,15.08,820
2592,21.92,772
2593,21.02,988
2594,33.98,1051
2595,24.08,1089
2596,33.080002,1040
2597,46.939999,1006
2598,32,941
2599,14,942
2600,19.040001,950
2601,23,972
2602,26.959999,1066
2603,33.080002,1047
2604,35.959999,960
2605,33.98,1032
2606,32,1033
2607,23,1026
2608,26.059999,916
2609,37.939999,1129
2610,33.080002,1258
2611,57.02,984
2612,55.939999,1007
2613,30.92,1040
2614,35.959999,1112
2615,32,1036
2616,26.059999,1125
2617,24.98,964
2618,35.060001,945
2619,35.060001,1072
2620,48.02,1172
2621,44.060001,1179
2622,57.02,1132
2623,57.02,1230
2624,39.02,1098
2625,37.040001,1018
2626,39.02,1014
2627,42.080002,969
2628,48.02,1048
2629,48.919998,1062
2630,33.98,925
2631,37.040001,930
2632,42.080002,933
2633,39.02,1053
2634,57.919998,1198
2635,51.080002,1222
2636,44.959999,999
2637,39.919998,1252
2638,44.060001,1090
2639,42.080002,987
2640,60.080002,1097
2641,57.919998,1243
2642,50,1144
2643,53.060001,1100
2644,53.959999,1235
2645,62.959999,1141
2646,64.040001,1130
2647,53.060001,1133
2648,44.959999,1102
2649,51.98,1134
2650,53.060001,1114
2651,64.040001,1064
2652,42.080002,1011
2653,42.080002,951
2654,50,1126
2655,59,1351
2656,73.040001,1247
2657,69.080002,1215
2658,75.019997,1283
2659,64.940002,1144
2660,71.959999,1105
2661,75.019997,1262
2662,73.940002,1261
2663,73.940002,1231
2664,73.940002,1151
2665,82.040001,1275
2666,57.02,1099
2667,53.959999,1029
2668,46.040001,1054
2669,44.060001,1073
2670,57.02,1175
2671,73.940002,1371
2672,73.940002,1286
2673,55.939999,1056
2674,64.940002,975
2675,75.019997,1229
2676,80.959999,1198
2677,69.980003,1291
2678,59,1149
2679,57.919998,1286
2680,60.98,1223
2681,57.919998,986
2682,55.939999,1115
2683,73.040001,1133
2684,64.040001,1218
2685,57.02,1273
2686,73.040001,1314
2687,73.040001,1209
2688,55.040001,1033
2689,60.080002,1201
2690,66.019997,1262
2691,66.019997,1222
2692,59,1228
2693,57.02,1258
2694,66.919998,1236
2695,78.080002,1079
2696,80.959999,1161
2697,50,1201
2698,62.060001,1150
2699,66.919998,1242
2700,77,1287
2701,78.980003,1162
2702,73.940002,1350
2703,86,1252
2704,69.080002,1224
2705,78.080002,1267
2706,87.080002,1236
2707,87.080002,1306
2708,84.919998,1187
2709,84.919998,1114
2710,73.940002,1235
2711,78.980003,1255
2712,86,1364
2713,91.040001,1234
2714,82.040001,1287
2715,84.019997,1228
2716,80.959999,1221
2717,71.959999,1164
2718,75.919998,1136
2719,77,1167
2720,80.959999,1166
2721,82.040001,1282
2722,82.040001,1194
2723,82.040001,1145
2724,77,1101
2725,82.040001,1153
2726,78.980003,1195
2727,86,1288
2728,84.019997,1292
2729,82.940002,1268
2730,75.019997,1145
2731,80.059998,1199
2732,82.940002,1320
2733,87.080002,1194
2734,71.059998,1158
2735,75.919998,1107
2736,80.059998,1206
2737,87.080002,1186
2738,87.080002,1214
2739,84.919998,1264
2740,84.919998,1258
2741,82.040001,1198
2742,87.980003,1301
2743,80.959999,1351
2744,78.980003,1225
2745,84.019997,1328
2746,89.959999,1289
2747,89.959999,1268
2748,89.059998,1262
2749,86,1317
2750,78.080002,1227
2751,86,1251
2752,82.940002,1259
2753,77,1295
2754,80.959999,1295
2755,82.040001,1287
2756,82.040001,1340
2757,84.019997,1344
2758,82.940002,1299
2759,84.919998,1330
2760,87.980003,1225
2761,89.059998,1345
2762,89.059998,1273
2763,89.059998,1449
2764,80.959999,1264
2765,84.019997,1203
2766,87.080002,1131
2767,87.080002,1233
2768,84.019997,1301
2769,82.040001,1310
2770,78.980003,1374
2771,80.059998,1243
2772,73.940002,1160
2773,77,1252
2774,77,1258
2775,78.980003,1287
2776,78.980003,1230
2777,78.080002,1380
2778,82.940002,1270
2779,84.019997,1281
2780,84.919998,1272
2781,82.040001,1307
2782,80.959999,1346
2783,82.040001,1257
2784,82.940002,1391
2785,87.080002,1266
2786,77,1255
2787,73.940002,1183
2788,75.919998,1183
2789,82.940002,1248
2790,80.059998,1281
2791,84.919998,1277
2792,87.080002,1260
2793,89.959999,1207
2794,89.959999,1366
2795,93.919998,1301
2796,77,1169
2797,66.919998,901
2798,69.980003,1271
2799,73.940002,1297
2800,73.940002,1168
2801,66.919998,1078
2802,69.080002,1246
2803,71.959999,1252
2804,78.980003,1263
2805,73.040001,1213
2806,75.019997,1094
2807,71.959999,1063
2808,62.959999,1190
2809,71.059998,1170
2810,82.040001,1288
2811,73.940002,1275
2812,77,1390
2813,82.040001,1289
2814,80.059998,1188
2815,80.959999,1232
2816,82.040001,1271
2817,82.040001,1265
2818,77,1218
2819,78.980003,1296
2820,80.959999,1196
2821,68,1164
2822,64.040001,1036
2823,59,1225
2824,60.98,1249
2825,60.98,1093
2826,60.080002,1101
2827,60.98,1125
2828,60.98,1105
2829,69.080002,1149
2830,62.959999,1102
2831,64.040001,1208
2832,69.080002,1253
2833,71.959999,1406
2834,78.980003,1235
2835,84.019997,1242
2836,77,1159
2837,69.080002,1280
2838,62.959999,1309
2839,59,1212
2840,57.02,1297
2841,60.080002,1170
2842,62.060001,1080
2843,55.040001,1102
2844,55.040001,1179
2845,51.98,1193
2846,57.919998,1207
2847,53.959999,1158
2848,53.060001,1173
2849,55.939999,1099
2850,46.939999,1097
2851,44.959999,1135
2852,51.080002,1094
2853,62.060001,1246
2854,69.980003,1412
2855,53.959999,1411
2856,66.919998,1194
2857,73.040001,1105
2858,71.059998,1043
2859,71.059998,1238
2860,64.940002,1151
2861,46.939999,1176
2862,39.919998,1063
2863,39.02,917
2864,39.02,995
2865,37.939999,1063
2866,48.02,1072
2867,55.040001,1129
2868,51.98,1213
2869,42.080002,1195
2870,37.040001,981
2871,35.959999,1008
2872,33.98,1062
2873,44.060001,1154
2874,35.959999,1174
2875,28.940001,1091
2876,35.060001,974
2877,44.959999,977
2878,37.939999,1076
2879,39.919998,1115
2880,42.080002,1178
2881,44.959999,866
2882,44.060001,1082
2883,44.060001,1120
2884,39.02,924
2885,33.080002,997
2886,35.060001,996
2887,37.939999,1022
2888,21.92,932
2889,23,1050
2890,32,1014
2891,19.940001,865
2892,37.939999,1071
2893,37.939999,938
2894,28.940001,1034
2895,32,957
2896,21.02,1067
2897,39.02,971
2898,50,997
2899,30.92,896
2900,21.92,810
2901,19.940001,948
2902,23,945
2903,32,938
2904,30.92,915
2905,15.98,638
2906,6.98,781
2907,33.98,804
2908,33.98,740
2909,24.08,607
2910,51.98,767
2911,60.98,1002
2912,32,936
2913,42.98,995
2914,39.919998,1009
2915,30.92,1565
2916,30.02,1020
2917,35.959999,1079
2918,37.040001,969
2919,28.940001,984
2920,30.02,959
2921,28.940001,948
2922,21.02,935
2923,28.940001,1038
2924,28.940001,843
2925,19.940001,810
2926,28.940001,882
2927,28.940001,857
2928,14,847
2929,-0.94,810
2930,3.02,911
2931,24.08,959
2932,17.059999,781
2933,23,783
2934,24.08,1000
2935,28.040001,1015
2936,33.080002,993
2937,33.98,950
2938,12.92,879
2939,12.92,831
2940,17.059999,861
2941,19.940001,974
2942,17.959999,947
2943,30.02,914
2944,14,1011
2945,37.939999,933
2946,35.959999,935
2947,26.059999,963
2948,19.940001,931
2949,17.059999,897
2950,24.98,999
2951,42.080002,1111
2952,55.939999,1030
2953,42.98,924
2954,53.060001,1021
2955,60.98,1091
2956,50,1002
2957,37.939999,1022
2958,35.959999,1045
2959,33.98,1035
2960,30.92,894
2961,33.080002,944
2962,42.98,1023
2963,37.939999,1056
2964,23,963
2965,28.040001,1077
2966,28.940001,821
2967,24.08,792
2968,26.959999,920
2969,39.02,934
2970,53.959999,1116
2971,53.060001,923
2972,46.040001,1022
2973,26.959999,935
2974,21.92,947
2975,21.92,808
2976,30.02,1014
2977,44.060001,1099
2978,64.940002,1141
2979,64.940002,1236
2980,44.959999,1005
2981,44.060001,851
2982,44.060001,1001
2983,60.98,1091
2984,33.080002,1093
2985,26.059999,1125
2986,39.919998,1196
2987,51.98,1101
2988,57.919998,1031
2989,64.940002,1016
2990,73.940002,1251
2991,57.02,1131
2992,46.040001,1076
2993,44.060001,1161
2994,60.98,1103
2995,60.98,982
2996,55.939999,1059
2997,69.080002,1213
2998,48.02,1156
2999,57.02,1192
3000,42.98,1066
3001,37.939999,1006
3002,41,810
3003,44.959999,1053
3004,53.060001,959
3005,53.060001,1194
3006,50,1007
3007,50,1155
3008,50,1046
3009,42.98,839
3010,39.919998,910
3011,48.919998,1079
3012,55.040001,1118
3013,57.919998,1096
3014,46.939999,1060
3015,46.939999,1049
3016,51.080002,859
3017,46.040001,883
3018,44.060001,1032
3019,57.02,1147
3020,62.060001,1116
3021,69.980003,1245
3022,73.040001,1063
3023,60.98,903
3024,53.060001,1061
3025,44.060001,1021
3026,60.98,1197
3027,66.919998,1068
3028,84.019997,1217
3029,77,1108
3030,78.080002,1006
3031,71.959999,1084
3032,51.080002,1091
3033,55.040001,1121
3034,62.959999,1062
3035,60.080002,1280
3036,66.019997,1031
3037,69.980003,972
3038,69.980003,1066
3039,71.059998,1176
3040,75.019997,1097
3041,77,1176
3042,77,1222
3043,62.959999,1117
3044,66.919998,982
3045,60.98,1125
3046,71.059998,1206
3047,69.980003,1119
3048,68,1156
3049,60.98,1124
3050,62.060001,1126
3051,62.959999,1002
3052,66.019997,1102
3053,80.059998,1146
3054,84.019997,1214
3055,84.019997,1151
3056,69.080002,1180
3057,80.059998,1074
3058,71.059998,1063
3059,66.919998,951
3060,73.940002,1062
3061,73.040001,1155
3062,62.060001,1232
3063,73.940002,1177
3064,78.980003,1063
3065,73.040001,1018
3066,78.080002,1225
3067,60.080002,1113
3068,60.98,1118
3069,68,1076
3070,78.980003,1147
3071,62.959999,1011
3072,73.040001,990
3073,80.059998,1141
3074,66.919998,1068
3075,66.919998,1150
3076,64.040001,991
3077,73.940002,1274
3078,68,1058
3079,77,1048
3080,80.959999,1070
3081,71.059998,960
3082,71.059998,1089
3083,80.059998,1124
3084,86,1059
3085,87.080002,1139
3086,84.019997,1138
3087,89.059998,1169
3088,93.919998,1202
3089,93.919998,1188
3090,93.919998,1048
3091,86,1206
3092,89.059998,1255
3093,82.940002,1100
3094,77,1160
3095,66.019997,1179
3096,64.940002,1243
3097,73.040001,1126
3098,78.980003,1133
3099,69.080002,986
3100,80.959999,997
3101,86,1091
3102,77,1169
3103,64.940002,1041
3104,78.980003,1151
3105,82.040001,1217
3106,84.919998,1094
3107,82.040001,1140
3108,78.980003,1075
3109,80.059998,1124
3110,84.919998,1153
3111,80.059998,1171
3112,69.980003,1197
3113,71.959999,1094
3114,71.059998,1026
3115,75.919998,1137
3116,80.059998,1173
3117,78.080002,1214
3118,82.040001,1108
3119,82.940002,1186
3120,80.959999,1115
3121,82.040001,1094
3122,84.019997,1146
3123,84.019997,1138
3124,80.959999,1140
3125,78.980003,1131
3126,80.959999,1113
3127,75.019997,1275
3128,78.080002,1095
3129,84.019997,1100
3130,84.919998,1056
3131,78.980003,1179
3132,82.040001,1131
3133,73.940002,1104
3134,89.059998,1151
3135,91.040001,1160
3136,84.919998,1135
3137,82.040001,1230
3138,82.940002,1226
3139,86,1168
3140,87.980003,1242
3141,89.059998,1191
3142,87.980003,1094
3143,82.940002,1120
3144,82.940002,1275
3145,82.940002,1205
3146,78.080002,1178
3147,73.040001,1138
3148,68,1000
3149,73.940002,1041
3150,78.980003,1069
3151,82.940002,1135
3152,73.040001,1159
3153,66.919998,1019
3154,68,1132
3155,69.080002,1091
3156,66.019997,997
3157,68,1013
3158,71.959999,1204
3159,73.040001,1085
3160,75.019997,1102
3161,75.019997,1148
3162,78.080002,1052
3163,77,1094
3164,77,1003
3165,78.080002,1069
3166,78.080002,1122
3167,80.959999,1168
3168,80.059998,1271
3169,78.980003,1109
3170,80.059998,1020
3171,84.019997,1036
3172,82.040001,1151
3173,71.059998,1117
3174,71.959999,1124
3175,78.980003,1198
3176,75.919998,1093
3177,73.040001,1043
3178,66.919998,1069
3179,77,1104
3180,75.919998,1167
3181,73.040001,1196
3182,69.980003,1187
3183,69.080002,1085
3184,73.940002,1049
3185,62.060001,1076
3186,60.080002,1056
3187,62.060001,963
3188,59,1088
3189,55.939999,1029
3190,57.02,965
3191,60.080002,948
3192,62.060001,1027
3193,60.98,1064
3194,60.080002,1133
3195,53.060001,1037
3196,51.98,1067
3197,48.02,1082
3198,44.060001,901
3199,48.02,962
3200,46.939999,1127
3201,48.02,1028
3202,44.060001,1069
3203,44.959999,1122
3204,51.98,1013
3205,53.060001,984
3206,64.940002,1091
3207,62.060001,1148
3208,69.080002,1168
3209,57.919998,1047
3210,60.98,1075
3211,50,1107
3212,62.060001,1038
3213,55.040001,1026
3214,51.080002,1083
3215,57.02,1066
3216,60.080002,1055
3217,66.919998,1162
3218,46.040001,1170
3219,51.98,1128
3220,59,968
3221,46.939999,1040
3222,51.98,1075
3223,55.040001,1061
3224,62.060001,1114
3225,71.059998,1079
3226,69.980003,1059
3227,62.959999,1105
3228,55.040001,1079
3229,53.959999,1057
3230,55.939999,1063
3231,55.040001,1193
3232,62.959999,1132
3233,55.040001,1013
3234,48.02,987
3235,46.939999,1009
3236,46.939999,1022
3237,46.939999,1016
3238,53.959999,1159
3239,53.959999,979
3240,57.02,961
3241,48.919998,996
3242,50,970
3243,48.919998,1067
3244,42.080002,669
3245,39.919998,929
3246,53.959999,969
3247,44.060001,870
3248,41,992
3249,55.040001,1173
3250,44.959999,969
3251,37.939999,955
3252,28.040001,987
3253,32,900
3254,35.959999,890
3255,30.92,886
3256,35.060001,941
3257,35.060001,883
3258,12.92,782
3259,23,979
3260,35.959999,951
3261,37.040001,868
3262,37.939999,987
3263,26.959999,934
3264,23,932
3265,35.060001,975
3266,35.959999,1058
3267,33.080002,906
3268,30.02,893
3269,28.940001,896
3270,32,867
3271,32,861
3272,35.959999,741
3273,42.98,604
3274,26.059999,747
3275,21.02,751
3276,30.02,806
3277,24.08,817
3278,30.92,912
3279,15.98,1178
3280,10.94,775
3281,17.959999,745
3282,17.959999,833
3283,23,890
3284,19.940001,869
3285,21.92,846
3286,26.959999,917
3287,21.92,800
3288,17.959999,767
3289,26.059999,937
3290,30.92,985
3291,35.060001,982
3292,39.919998,1051
3293,33.98,1192
3294,26.959999,927
3295,28.940001,881
3296,30.92,898
3297,37.939999,1028
3298,33.080002,953
3299,35.060001,948
3300,35.060001,1083
3301,44.060001,1036
3302,46.040001,815
3303,32,907
3304,24.08,965
3305,23,884
3306,17.059999,881
3307,21.02,855
3308,24.98,865
3309,28.940001,810
3310,30.02,979
3311,32,869
3312,32,920
3313,33.080002,933
3314,35.060001,954
3315,30.92,849
3316,30.92,747
3317,30.02,828
3318,28.040001,782
3319,26.059999,805
3320,30.02,838
3321,32,877
3322,30.02,869
3323,28.940001,751
3324,28.040001,809
3325,32,896
3326,32,900
3327,39.02,1014
3328,42.080002,948
3329,39.02,901
3330,35.959999,798
3331,33.080002,814
3332,33.080002,952
3333,28.940001,895
3334,28.040001,868
3335,30.92,952
3336,33.98,898
3337,37.939999,836
3338,35.959999,1085
3339,33.080002,954
3340,39.02,947
3341,42.080002,972
3342,37.939999,1093
3343,44.959999,972
3344,46.040001,832
3345,44.060001,1078
3346,51.080002,1094
3347,62.060001,1107
3348,60.080002,1094
3349,55.040001,1138
3350,44.959999,972
3351,50,885
3352,48.02,1049
3353,60.98,1092
3354,62.959999,1051
3355,60.98,1138
3356,64.940002,1142
3357,39.02,867
3358,42.080002,886
3359,48.919998,952
3360,59,1094
3361,53.060001,1125
3362,46.939999,1056
3363,41,1055
3364,50,1085
3365,51.98,952
3366,46.040001,954
3367,64.040001,1030
3368,77,1038
3369,82.940002,1212
3370,80.959999,1116
3371,59,967
3372,75.919998,868
3373,71.959999,990
3374,75.919998,1050
3375,48.919998,903
3376,39.919998,1058
3377,55.939999,1051
3378,73.940002,1130
3379,62.959999,939
3380,69.980003,1001
3381,62.959999,1011
3382,80.059998,1148
3383,82.040001,1226
3384,68,1110
3385,59,1008
3386,51.98,923
3387,55.939999,996
3388,64.040001,1089
3389,62.060001,986
3390,60.080002,1036
3391,62.959999,1149
3392,60.080002,1009
3393,60.080002,897
3394,62.959999,1027
3395,51.080002,1014
3396,64.040001,1025
3397,78.980003,1041
3398,80.959999,1142
3399,69.980003,1149
3400,69.080002,966
3401,71.959999,1092
3402,78.980003,1104
3403,71.959999,1238
3404,62.959999,1092
3405,59,1100
3406,50,936
3407,57.919998,971
3408,57.919998,1077
3409,51.98,976
3410,51.080002,1090
3411,73.040001,1011
3412,66.019997,1204
3413,60.98,1097
3414,66.019997,947
3415,57.919998,1016
3416,64.940002,1077
3417,73.940002,1071
3418,73.940002,1112
3419,73.040001,1077
3420,73.940002,1046
3421,89.059998,1046
3422,91.040001,1134
3423,87.980003,1090
3424,87.080002,1156
3425,77,1073
3426,78.980003,1131
3427,86,1051
3428,91.040001,958
3429,80.959999,801
3430,84.919998,1216
3431,77,1098
3432,71.059998,1045
3433,82.940002,1128
3434,78.980003,1049
3435,75.919998,961
3436,69.980003,1056
3437,66.919998,1005
3438,82.940002,1114
3439,77,1207
3440,89.059998,1148
3441,77,989
3442,71.059998,917
3443,69.980003,1097
3444,78.980003,1063
3445,82.040001,1073
3446,84.019997,1115
3447,89.959999,1066
3448,84.919998,920
3449,80.959999,1075
3450,84.919998,1127
3451,84.919998,1037
3452,87.080002,983
3453,84.019997,1010
3454,84.019997,1138
3455,87.080002,1108
3456,84.919998,1099
3457,82.040001,1151
3458,75.019997,1088
3459,75.019997,1120
3460,77,1202
3461,82.940002,1075
3462,87.080002,996
3463,91.040001,989
3464,91.040001,1092
3465,89.959999,1057
3466,93.019997,1061
3467,87.980003,1137
3468,87.980003,1080
3469,89.059998,1056
3470,84.919998,1007
3471,84.019997,1049
3472,84.019997,1003
3473,89.959999,1102
3474,89.959999,1079
3475,89.959999,1131
3476,93.019997,1113
3477,91.940002,1060
3478,84.019997,1015
3479,86,1104
3480,91.040001,1072
3481,89.959999,1155
3482,93.919998,1081
3483,87.080002,928
3484,80.959999,1051
3485,84.019997,1036
3486,87.980003,1114
3487,87.980003,1078
3488,82.040001,986
3489,80.059998,1053
3490,80.059998,994
3491,86,1139
3492,84.019997,1038
3493,86,1032
3494,82.940002,1029
3495,82.940002,1103
3496,82.040001,1138
3497,82.940002,1090
3498,87.080002,1044
3499,87.980003,1090
3500,89.059998,1106
3501,89.959999,1087
3502,91.940002,1035
3503,91.940002,1058
3504,87.980003,1111
3505,82.940002,1093
3506,80.059998,1110
3507,78.980003,1064
3508,84.019997,1116
3509,87.980003,1132
3510,91.940002,1137
3511,86,1050
3512,80.959999,1034
3513,80.059998,1111
3514,84.019997,1098
3515,78.980003,1053
3516,78.980003,1123
3517,86,1122
3518,87.980003,1025
3519,93.919998,1118
3520,87.980003,1112
3521,93.019997,1065
3522,80.959999,1178
3523,82.940002,1007
3524,69.980003,1080
3525,68,977
3526,75.919998,972
3527,82.040001,1037
3528,77,1108
3529,71.059998,1040
3530,66.919998,993
3531,71.959999,1099
3532,75.019997,960
3533,82.940002,1070
3534,82.040001,979
3535,77,1051
3536,75.019997,1046
3537,69.080002,1020
3538,73.940002,1112
3539,64.940002,1031
3540,66.919998,1027
3541,75.019997,1069
3542,87.980003,1119
3543,73.940002,1109
3544,89.059998,1070
3545,80.059998,1133
3546,60.080002,1088
3547,60.080002,964
3548,64.940002,946
3549,71.059998,1077
3550,75.019997,1052
3551,73.940002,984
3552,73.040001,1198
3553,57.02,894
3554,55.939999,866
3555,60.080002,972
3556,68,1032
3557,78.080002,1108
3558,75.919998,1052
3559,78.980003,1174
3560,86,1090
3561,84.019997,1081
3562,82.040001,1006
3563,75.919998,1079
3564,66.019997,1012
3565,66.019997,1025
3566,62.959999,1149
3567,71.059998,998
3568,64.940002,973
3569,60.98,1015
3570,60.080002,1019
3571,69.980003,1042
3572,55.939999,1052
3573,64.040001,1048
3574,64.940002,991
3575,71.959999,941
3576,71.959999,1012
3577,69.980003,1079
3578,64.940002,1013
3579,46.040001,973
3580,50,1071
3581,62.959999,988
3582,51.98,998
3583,53.959999,1077
3584,51.98,1028
3585,53.959999,967
3586,51.080002,944
3587,39.919998,995
3588,46.040001,927
3589,59,938
3590,66.919998,1030
3591,69.080002,1106
3592,68,1079
3593,66.919998,1029
3594,55.939999,1041
3595,57.02,936
3596,48.02,894
3597,51.080002,1014
3598,50,930
3599,46.939999,919
3600,39.02,932
3601,51.080002,1083
3602,42.98,939
3603,60.080002,903
3604,66.919998,895
3605,39.02,913
3606,39.919998,938
3607,39.02,647
3608,32,849
3609,33.98,846
3610,46.040001,883
3611,48.919998,906
3612,48.919998,883
3613,26.059999,901
3614,33.080002,960
3615,30.92,920
3616,32,847
3617,26.059999,751
3618,19.940001,766
3619,19.940001,877
3620,24.98,797
3621,28.940001,839
3622,37.040001,953
3623,35.959999,799
3624,30.92,658
3625,15.98,720
3626,21.02,808
3627,24.98,892
3628,26.959999,842
3629,21.92,904
3630,19.040001,791
3631,21.02,744
3632,26.959999,814
3633,30.92,801
3634,35.060001,876
3635,28.940001,843
3636,32,733
3637,30.92,495
3638,33.080002,608
3639,21.92,679
3640,26.959999,812
3641,35.959999,785
3642,46.040001,840
3643,41,1285
3644,24.08,698
3645,35.959999,875
3646,30.02,835
3647,30.92,878
3648,28.040001,873
3649,21.92,925
3650,24.08,824
3651,30.92,742
3652,33.080002,906
3653,26.959999,832
3654,26.059999,899
3655,24.08,927
3656,24.08,975
3657,24.08,886
3658,21.92,765
3659,32,790
3660,32,870
3661,23,910
3662,19.040001,800
3663,8.0600004,829
3664,17.059999,745
3665,19.940001,800
3666,26.959999,825
3667,28.940001,899
3668,28.040001,910
3669,24.98,838
3670,30.92,889
3671,33.080002,814
3672,30.02,750
3673,26.059999,780
3674,23,649
3675,23,312
3676,15.98,514
3677,24.98,663
3678,28.040001,702
3679,32,645
3680,32,742
3681,19.940001,704
3682,12.02,753
3683,15.98,769
3684,30.02,871
3685,37.040001,813
3686,44.959999,771
3687,42.080002,864
3688,37.939999,907
3689,48.919998,919
3690,55.939999,970
3691,50,1048
3692,35.060001,875
3693,35.959999,750
3694,33.080002,698
3695,26.959999,837
3696,33.080002,838
3697,35.959999,866
3698,35.959999,899
3699,33.080002,852
3700,35.959999,778
3701,37.040001,852
3702,42.98,988
3703,37.040001,813
3704,44.959999,914
3705,53.959999,924
3706,35.959999,774
3707,33.98,717
3708,33.98,835
3709,44.959999,905
3710,44.060001,918
3711,37.040001,933
3712,46.939999,1053
3713,44.060001,945
3714,41,760
3715,42.080002,903
3716,39.02,913
3717,60.080002,1038
3718,66.919998,1062
3719,53.060001,1084
3720,50,913
3721,57.02,791
3722,60.080002,957
3723,42.080002,898
3724,41,921
3725,33.98,878
3726,33.98,1008
3727,32,852
3728,35.060001,841
3729,35.959999,892
3730,42.080002,908
3731,44.959999,915
3732,48.02,941
3733,44.959999,1028
3734,53.959999,1096
3735,71.959999,941
3736,68,1008
3737,53.060001,974
3738,59,1024
3739,46.040001,958
3740,44.959999,1012
3741,66.019997,938
3742,82.940002,1101
3743,66.919998,983
3744,57.919998,949
3745,68,1015
3746,53.060001,1014
3747,51.080002,995
3748,48.919998,912
3749,53.060001,904
3750,41,882
3751,37.939999,771
3752,42.98,865
3753,50,877
3754,46.040001,881
3755,64.040001,973
3756,55.939999,835
3757,53.959999,915
3758,68,935
3759,55.040001,975
3760,44.959999,948
3761,62.060001,966
3762,71.059998,961
3763,62.959999,1084
3764,59,948
3765,50,978
3766,59,1011
3767,62.959999,1062
3768,68,1058
3769,60.080002,947
3770,68,935
3771,73.040001,1044
3772,89.959999,1050
3773,87.080002,1096
3774,86,1032
3775,77,1159
3776,53.060001,921
3777,46.040001,902
3778,51.98,949
3779,60.080002,1027
3780,57.02,941
3781,71.959999,1042
3782,73.040001,1095
3783,75.019997,961
3784,87.080002,1004
3785,78.980003,1039
3786,66.019997,1021
3787,66.919998,958
3788,48.919998,938
3789,57.919998,1022
3790,62.060001,935
3791,69.980003,867
3792,87.980003,990
3793,84.919998,1077
3794,80.959999,1142
3795,69.080002,1159
3796,87.080002,1103
3797,91.940002,1094
3798,84.919998,1020
3799,93.019997,1051
3800,96.080002,1084
3801,95,1074
3802,69.080002,949
3803,69.080002,1135
3804,62.060001,1006
3805,64.040001,998
3806,71.959999,1043
3807,77,1088
3808,71.059998,1088
3809,80.959999,1018
3810,82.040001,1165
3811,84.019997,1042
3812,80.959999,1042
3813,78.980003,1092
3814,89.059998,1059
3815,73.040001,1031
3816,71.059998,1036
3817,68,1020
3818,78.980003,1096
3819,80.959999,1086
3820,80.959999,983
3821,80.959999,1064
3822,80.959999,1094
3823,87.980003,1021
3824,89.059998,1091
3825,93.919998,1118
3826,84.019997,974
3827,89.059998,1010
3828,91.040001,1119
3829,86,1074
3830,82.040001,1062
3831,86,1014
3832,91.040001,1058
3833,91.040001,1071
3834,87.980003,1064
3835,87.080002,1068
3836,73.940002,1100
3837,82.040001,1055
3838,87.080002,1169
3839,89.059998,1094
3840,95,1031
3841,91.940002,1035
3842,93.019997,1064
3843,98.959999,1004
3844,98.959999,997
3845,87.980003,1110
3846,87.080002,1024
3847,87.080002,986
3848,87.980003,1042
3849,82.940002,1022
3850,89.959999,1088
3851,87.080002,1071
3852,86,1057
3853,91.040001,1068
3854,89.959999,1030
3855,91.040001,1185
3856,93.019997,1005
3857,86,1106
3858,84.019997,1131
3859,82.940002,1137
3860,84.919998,1092
3861,86,920
3862,80.059998,908
3863,80.059998,988
3864,77,1001
3865,80.959999,1030
3866,80.959999,1113
3867,82.940002,1029
3868,75.019997,966
3869,82.040001,1023
3870,84.919998,936
3871,82.940002,1019
3872,84.019997,1049
3873,87.080002,1152
3874,80.059998,1068
3875,80.059998,998
3876,82.040001,999
3877,73.040001,974
3878,91.940002,1014
3879,82.940002,1071
3880,82.940002,1034
3881,80.959999,1042
3882,77,998
3883,78.980003,1020
3884,75.919998,1032
3885,87.080002,1067
3886,93.019997,1124
3887,91.940002,1076
3888,89.059998,978
3889,73.040001,959
3890,64.940002,914
3891,66.019997,929
3892,69.980003,979
3893,75.019997,925
3894,71.959999,1054
3895,78.080002,1077
3896,82.940002,955
3897,86,1038
3898,73.040001,1015
3899,57.919998,969
3900,59,947
3901,57.919998,1056
3902,68,967
3903,64.940002,903
3904,69.080002,975
3905,73.940002,952
3906,71.059998,954
3907,64.040001,1112
3908,62.060001,1004
3909,62.060001,930
3910,64.040001,895
3911,60.080002,935
3912,62.959999,931
3913,62.959999,921
3914,66.019997,968
3915,57.02,1006
3916,55.939999,1012
3917,66.019997,911
3918,69.080002,916
3919,75.919998,953
3920,80.059998,945
3921,80.959999,958
3922,84.019997,1048
3923,82.040001,998
3924,80.059998,983
3925,75.919998,873
3926,78.980003,1009
3927,78.080002,1054
3928,66.019997,817
3929,62.060001,1012
3930,62.060001,956
3931,62.060001,880
3932,59,902
3933,53.959999,907
3934,48.919998,870
3935,46.939999,876
3936,55.040001,993
3937,66.019997,1001
3938,68,1021
3939,62.959999,1008
3940,73.940002,1050
3941,53.060001,962
3942,53.060001,951
3943,55.040001,1037
3944,55.040001,933
3945,57.02,940
3946,53.060001,1024
3947,64.940002,1153
3948,64.940002,961
3949,48.02,837
3950,53.060001,988
3951,57.919998,897
3952,59,932
3953,57.919998,860
3954,51.080002,866
3955,62.060001,881
3956,41,854
3957,44.959999,930
3958,60.080002,989
3959,69.980003,923
3960,53.060001,949
3961,64.040001,1038
3962,46.040001,872
3963,35.959999,890
3964,51.080002,904
3965,57.919998,901
3966,55.040001,901
3967,46.939999,923
3968,42.98,835
3969,50,964
3970,46.939999,699
3971,57.02,925
3972,55.939999,859
3973,46.040001,819
3974,41,883
3975,44.060001,878
3976,44.060001,883
3977,48.02,1016
3978,42.98,990
3979,50,865
3980,51.98,869
3981,39.919998,909
3982,37.040001,861
3983,33.98,820
3984,35.959999,824
3985,32,847
3986,26.959999,873
3987,44.959999,822
3988,46.939999,907
3989,44.959999,958
3990,55.040001,898
3991,57.02,921
3992,33.98,924
3993,32,809
3994,44.060001,816
3995,50,923
3996,39.02,965
3997,42.98,921
3998,39.919998,868
3999,33.98,907
4000,39.02,721
4001,44.959999,508
4002,44.959999,701
4003,41,777
4004,30.92,846
4005,48.02,857
4006,44.060001,891
4007,44.060001,1208
4008,28.940001,692
4009,26.959999,795
4010,41,784
4011,48.919998,851
4012,55.040001,904
4013,44.060001,846
4014,42.080002,787
4015,46.040001,871
4016,51.98,882
4017,53.959999,877
4018,37.040001,728
4019,21.92,742
4020,19.040001,774
4021,30.92,759
4022,44.959999,812
4023,39.02,832
4024,26.059999,775
4025,28.040001,737
4026,24.08,669
4027,24.98,711
4028,39.919998,673
4029,46.040001,818
4030,37.040001,886
4031,35.959999,948
4032,37.939999,918
4033,42.98,921
4034,33.98,801
4035,30.92,799
4036,53.060001,855
4037,57.02,952
4038,48.02,984
4039,42.98,868
4040,39.02,878
4041,42.080002,837
4042,44.959999,733
4043,33.080002,759
4044,35.959999,841
4045,37.040001,789
4046,35.959999,814
4047,35.959999,762
4048,19.940001,703
4049,35.060001,704
4050,35.959999,713
4051,35.959999,767
4052,42.98,913
4053,46.939999,862
4054,48.919998,972
4055,39.02,754
4056,37.939999,776
4057,44.959999,702
4058,41,844
4059,44.060001,887
4060,39.919998,810
4061,35.060001,780
4062,26.959999,785
4063,53.060001,720
4064,39.919998,807
4065,44.060001,880
4066,59,864
4067,39.919998,956
4068,39.919998,871
4069,35.060001,773
4070,32,742
4071,37.040001,748
4072,68,920
4073,68,934
4074,62.959999,914
4075,39.919998,947
4076,60.080002,881
4077,69.080002,792
4078,64.940002,893
4079,69.980003,917
4080,80.959999,919
4081,80.959999,985
4082,82.040001,949
4083,82.040001,1057
4084,80.959999,911
4085,78.080002,963
4086,84.919998,973
4087,87.080002,1070
4088,82.940002,969
4089,62.959999,961
4090,62.060001,893
4091,71.059998,875
4092,46.939999,810
4093,73.940002,855
4094,68,899
4095,48.02,937
4096,53.060001,931
4097,50,871
4098,57.02,942
4099,62.060001,809
4100,69.980003,872
4101,57.919998,850
4102,48.919998,860
4103,53.060001,889
4104,66.919998,966
4105,66.019997,813
4106,62.959999,898
4107,46.040001,830
4108,53.959999,903
4109,62.959999,909
4110,66.019997,928
4111,66.919998,930
4112,77,958
4113,66.919998,915
4114,57.02,945
4115,73.040001,866
4116,60.98,950
4117,46.939999,905
4118,53.060001,865
4119,53.060001,813
4120,60.080002,920
4121,66.019997,886
4122,60.98,941
4123,55.040001,909
4124,53.959999,957
4125,50,863
4126,57.02,794
4127,62.060001,859
4128,64.940002,980
4129,80.059998,983
4130,86,975
4131,73.040001,1019
4132,60.080002,939
4133,69.980003,835
4134,64.040001,958
4135,69.980003,1018
4136,60.080002,966
4137,66.919998,904
4138,78.080002,988
4139,69.080002,920
4140,71.959999,808
4141,82.040001,985
4142,86,1019
4143,64.940002,938
4144,73.940002,942
4145,84.919998,962
4146,91.940002,918
4147,93.019997,947
4148,66.919998,870
4149,71.059998,941
4150,82.040001,1059
4151,89.959999,1006
4152,82.940002,1071
4153,86,903
4154,96.980003,913
4155,95,1005
4156,84.919998,1081
4157,69.980003,969
4158,53.959999,808
4159,64.940002,1114
4160,75.919998,930
4161,80.959999,980
4162,75.019997,959
4163,69.980003,936
4164,75.919998,995
4165,82.040001,977
4166,87.980003,1102
4167,89.959999,1037
4168,93.019997,995
4169,89.959999,1052
4170,78.080002,1069
4171,71.959999,1065
4172,87.080002,965
4173,93.919998,1072
4174,93.919998,1048
4175,87.080002,939
4176,93.919998,1057
4177,95,991
4178,95,1078
4179,84.919998,1044
4180,87.080002,1114
4181,87.080002,1115
4182,93.919998,1069
4183,75.919998,951
4184,82.940002,939
4185,91.940002,1034
4186,100.04,923
4187,87.980003,1024
4188,91.940002,997
4189,91.040001,1132
4190,98.059998,1028
4191,96.080002,1038
4192,102.02,1034
4193,102.92,991
4194,102.92,1006
4195,98.059998,1051
4196,84.919998,1076
4197,91.040001,1039
4198,82.940002,1038
4199,87.080002,1009
4200,91.040001,1009
4201,93.019997,1058
4202,89.959999,1036
4203,95,1107
4204,96.980003,963
4205,98.959999,993
4206,93.919998,953
4207,82.940002,909
4208,80.959999,1045
4209,87.080002,1052
4210,89.059998,976
4211,96.980003,976
4212,84.019997,950
4213,98.959999,995
4214,89.059998,955
4215,86,1028
4216,82.040001,1036
4217,84.919998,1006
4218,91.940002,980
4219,84.919998,916
4220,89.959999,1037
4221,93.019997,996
4222,95,1043
4223,93.019997,990
4224,84.019997,948
4225,84.919998,946
4226,91.940002,936
4227,84.019997,955
4228,75.019997,921
4229,75.919998,900
4230,78.080002,974
4231,75.919998,928
4232,69.080002,852
4233,84.019997,942
4234,84.919998,1035
4235,75.919998,924
4236,75.919998,942
4237,77,978
4238,78.980003,929
4239,73.940002,875
4240,78.980003,909
4241,84.919998,872
4242,91.940002,1017
4243,93.919998,1010
4244,93.019997,1061
4245,78.980003,891
4246,87.980003,886
4247,86,942
4248,84.019997,932
4249,89.959999,913
4250,91.940002,1003
4251,75.019997,1102
4252,82.040001,888
4253,87.980003,879
4254,89.959999,900
4255,86,843
4256,86,992
4257,78.080002,953
4258,73.040001,968
4259,71.959999,896
4260,75.019997,853
4261,82.940002,901
4262,86,910
4263,71.059998,848
4264,75.919998,975
4265,78.980003,995
4266,77,883
4267,78.080002,884
4268,62.959999,822
4269,73.040001,906
4270,71.959999,908
4271,60.080002,981
4272,59,863
4273,60.98,819
4274,69.980003,858
4275,77,910
4276,68,927
4277,64.940002,828
4278,66.919998,961
4279,78.980003,957
4280,66.019997,858
4281,66.019997,979
4282,69.080002,890
4283,62.959999,905
4284,77,866
4285,50,900
4286,50,797
4287,51.080002,760
4288,60.080002,876
4289,64.940002,869
4290,51.080002,931
4291,66.919998,850
4292,53.060001,938
4293,66.919998,857
4294,71.059998,847
4295,60.080002,916
4296,69.980003,863
4297,68,934
4298,53.959999,871
4299,51.98,928
4300,59,948
4301,68,905
4302,64.940002,815
4303,69.980003,480
4304,78.080002,415
4305,75.019997,438
4306,51.080002,617
4307,48.02,635
4308,48.919998,747
4309,51.080002,822
4310,48.02,860
4311,50,929
4312,53.959999,976
4313,48.02,916
4314,44.959999,792
4315,48.02,720
4316,44.060001,880
4317,42.080002,768
4318,46.939999,859
4319,44.959999,832
4320,55.939999,993
4321,66.019997,956
4322,69.980003,867
4323,39.919998,776
4324,41,804
4325,44.959999,824
4326,48.02,928
4327,53.959999,926
4328,55.040001,858
4329,57.02,834
4330,59,851
4331,57.919998,914
4332,53.959999,882
4333,62.959999,642
4334,42.080002,773
4335,32,827
4336,42.98,792
4337,35.959999,781
4338,33.080002,789
4339,44.060001,833
4340,51.080002,906
4341,51.080002,969
4342,59,982
4343,62.959999,831
4344,69.980003,919
4345,59,896
4346,39.919998,834
4347,46.040001,860
4348,46.040001,886
4349,42.080002,763
4350,41,750
4351,37.939999,826
4352,33.98,808
4353,46.040001,884
4354,48.919998,787
4355,50,938
4356,50,832
4357,48.919998,779
4358,39.919998,812
4359,41,838
4360,42.98,854
4361,48.919998,803
4362,33.080002,752
4363,32,724
4364,33.98,758
4365,33.98,695
4366,33.080002,508
4367,33.080002,610
4368,33.080002,673
4369,32,845
4370,32,798
4371,33.080002,694
